video_id,comment
9dpdepyMm-I,"思わず本音を吐き出してしまいましたが、
暖かいコメントがたくさんあって救われたよ！！！
ありがとん❤‍🔥

やってきたことが段々、実になってきてるので
あとは焦らず、出来ることを着実にやっていく事にします！

最後は、前向きになれたのも、みんなのお陰です！！！✨

正直、自分は反対派意見の人のコメントや、
強い口調に打ち負けちゃうような時もあって、
ずっと、負けないように・・・って気を張りすぎてたのかなと思います。

何も知らないのに、他人事だからと野次を飛ばす人の声を
打ち消してくれるくらいの、本当に暖かい大勢の味方がいる事を実感しました。

見守ってくれる人や、応援してくれるはあとん達を
これからもずっと、大切にしていきたい！

そして、未来で「推しててよかった...」と思ってもらえるような
恩返しができたら良いなと思ってます🌟

まだまだ、未熟な私ですが、
これからも赤井はあとを、どうぞ宜しくお願いします🙏"
9dpdepyMm-I,コメントするのは初めてですが、ずっと好きです！応援しています。
9dpdepyMm-I,"こんなはあちゃま初めて見たよ、
ちゃんと向き合ってるちゃまをいつまでも応援したい📣"
9dpdepyMm-I,本当にはあちゃまはすごく頑張ってると思う！よく折れずに頑張ってると思う！みんな応援してるよ！
9dpdepyMm-I,"泣いちゃうのはやっぱり悔しいからだし、自分も本当はやりたいことがたくさんあるってことなんだよねー。
勉強する、練習するための時間を取ることもきっとホロライブでは相談に乗ってくれているんじゃないかしら。
少しずつでも実になってきていることが実感できているのはとてもいい。
のびのびやってるときが一番魅力的だとは、私も見ていてそう思う。
今までのはあちゃまを大事に、これからのはあちゃまも大事にしてくれているのがとてもうれしい。
アクションゲームも、旅動画も、英語も、いろいろできちゃうから、手を広げすぎてわからなくなっちゃってる部分もあるのかなと思った。
ファン一人ひとりへの愛がこんなにも深いのはすごい。
こんなに長い期間、VTuberとして幅を広げるために頑張っていたんだってことを今日初めて知ったかも。
ありのままを出せるようになったのいいわね。
旅先に人気が出て、人が集まるっていうのはアイドルしてる！
聖地巡礼したファンが、はあちゃまに良かったよって報告して、ほかのファンの人がまたいいなーって思って同じとこに行ったりいいわね。
ライブツアー的な大学の学際とかに出張できるVTuberとかお金かかりそうだけど地域的な影響力あるのかも。
やりたいこと、頑張っていってほしい。"
9dpdepyMm-I,"大丈夫、貴女に掬われて居る人は、沢山居ます
笑顔を作れる人は、もの凄く素敵な方です
一緒に、楽しんで、悲しんで、怒ってくれる方々と共に、苦しんでも、自分の旅を彩って行って下さいね
素敵な時間を、素敵な方々と、歩んで下さいね"
9dpdepyMm-I,"「赤井はあと」も、はっちゃけた「はあちゃま」も、本音をぶち撒ける「赤井さん」も、自分の弱いところを見せてくれる「はあとさん」も、
全部まとめて好きだよ。"
9dpdepyMm-I,"大人の話は難しい！！
難しくないのは今後もはあちゃまの配信を自分は観ると言うことだけ！"
9dpdepyMm-I,"過去のはあちゃま、今のはあちゃまどちらもホロの中で唯一無二の魅力があると思ってる。どんなところにも行けるんじゃないかと思える行動力とかほんとすごいよ。
色々な事で夢半ばでVを辞めてく方々が多数いる中で黎明期から今も活動できてるのがまずすごい。いっぱいのすごいがあるはあちゃま自信持ってほしいな。
他人と切磋琢磨し、成果を出すのはもちろん大事だけどやっぱ自分が楽しめないと苦しくなっていくだけだから。今ははあちゃまがしたいことをいっぱいしてほしいな。
自分は早くに夢挫折してから、頑張ったり本気になることができなくなった人間だし、金があるわけでも、人望があるわけでもないから力になれるのは限りなく小さいけど、これからもはあちゃまの事応援するよ"
9dpdepyMm-I,"何があったのかと思って見にきたクチだけど、はあちゃまの心の叫び結構響くものあった。
歌つくろう！わためのMy songみたいなカッコいい曲！新しいはあちゃまを代表するような魂の曲！いろんな旅しながら知見広めて、それも歌にしよう！

成長コンテンツ始まったな！"
9dpdepyMm-I,応援する！！旅動画好き🫶
9dpdepyMm-I,とりあえず、ミオさんのこの前の占いの話を指針にしてみるとかどうでしょうか？
9dpdepyMm-I,頑張ってほしいんだけど、なんで泣いてるんだろう、やっぱホロライブの大手Vが人気すぎてホロユーザーにあまり見てもらえないからてこと？
9dpdepyMm-I,"最初は狂人だとか言われてたけどさ、こんなに努力家で、一つのことにアツくなれる人ってそうそういない。
やっぱ、はあちゃまはすごい(語彙力なさすぎ)。辛いことがあっても負けないで頑張れるはあちゃまを自分は尊敬する。
これからも成長を見届けたいって思った。だから、自分もできないけど、はあちゃまだけの道を極め続けてほしいって思ってる。(語彙力少なくてすみません)"
9dpdepyMm-I,"Since 2020 and until now, I have always loved Haachama. Even though I discovered her channel because of her hilarious and chaotic streams, I still see how hardworking she is, so hardworking that it will make me want to support her more, and it grows. For every stream or tweet, it leaves an impact that I can use in my own life journey. I love you, and I embrace who you are and who you will become. "
9dpdepyMm-I,"ぶちまけることって大事なことだと思うので全然いいと思います
なんならホロメンはぶちまけることが少なく感じるのでもっと言ってもらえた方が自分は見ていて安心します
気にしないでください"
9dpdepyMm-I,はあちゃまのほうがきついと思うけど。俺もなりたい理想と現実のギャップに打ちのめされてる最中だよ。一人じゃないから一緒に泣きはらそうよｗ！
9dpdepyMm-I,あったけぇはあとんが沢山!!
9dpdepyMm-I,"５年ぐらい前はあちゃまがオーストラリア時代に日本時間では深夜にやってたマイクラをたまたま見始めて
コメントを読んでもらえたりご飯を食べに行ったり何気ない日常あった話を聞くのが楽しみでした
はあとんやホロリスをよろこばせようと鼓舞し創意工夫されてるはあちゃまも
こうやって涙を見せて本音を語るはあちゃまも大好きです
お体にはくれぐれもお気をつけて頑張り過ぎぬように！応援しておりますよ"
9dpdepyMm-I,あかいはあと全員素敵‼️
9dpdepyMm-I,"大丈夫、みんなが、居るよ。
無理して伸ばす事せず、今まで通りコツコツ進めば良いと思います。"
9dpdepyMm-I,"頑張っているけど結果が思う様に出ない時とか、周りの人が結果を出してキラキラ輝いてる姿を見ると焦燥感に苛まれたりするけど、「こんな所で終われない」「悔しい」って思えるってことはまだまだ成長できる証拠だから無理せずはあちゃまのペースで諦めずに頑張って欲しいです
今でも充分はあちゃまに元気を貰っている人は沢山いると思います！私もその1人です♪
いつの日か、ここまでやって来て良かった！この景色をファンの皆んなと見たかった！と思える瞬間が来ることを願いつつ応援してます
時には休んだり、愚痴をこぼしたり、心も身体も大事にして下さいね😊"
9dpdepyMm-I,メンタルのバランスを保ちながら、進んで欲しい。その場所からは、自分自身が敵であり味方でもあり、最大の理解者だから。そして、外野の声は応援以外、総じて無視でいい。かなり孤独な世界ですよね。
9dpdepyMm-I,利益を出せるようにしないとね
9dpdepyMm-I,"えらそうなことを、的外れ、好き勝手なことを言って思うと思うけど、ごめん思ったことを書き殴るね

まず競うな持ち味を生かせの言葉を送りたい
でもたぶんはぁちゃまは自分の持ち味がわからなくて悩んで焦ってるんだと思ってる。で迷ったすえ狂人はぁちゃまに頼りたくなるのかなと。
でも赤井はあとも見てほしいけどそれを出す自信がないように見える。
だからコラボを恐がってる気がする。
でも、赤井はあととしても充分狂人な部分はあると思う。狂人部分も赤井はあとの一部だからそんな切り離そうしなくていいと思う。そういうのは配信者みんな悩んでるだろうしね。
だから持ち味・自信が欲しくていろいろ挑戦してるのかなって。でも7年、8年ホロライブのアイドルとして頑張ってきた実績はあるんだよ。
英語だって出来る。確か4thフェス、オリーとのコラボ曲めちゃくちゃカッコ良かったよ。すごい熱く盛りがったのが忘れられない。英語が喋れることだってまだまだ活かしきれてないと思う。やっぱ英語の歌ってかっこいいじゃん？洋楽に挑戦もありと思う
Ｘについてももっと好きなこと、知ってほしいことか発信してもいいと思う。そういうのは苦手かもしれないけどホロライブという看板の影響はデカいので何かに繋がるかもしれない。はぁちゃまのＸの旅の風景や何気ない日常の切り取りすごい好き毎日楽しみにしてる。どこ行ったんだろ？こんな所を切り取ったのかワクワクするから。

はぁちゃまはマイクラをするといつも壮大な建造物を黙々と作ってるイメージがある。またすげぇもん作ったなあと関心する。

目標について、ソロライブやファンミーティングがしたいとのこと、個人的にその2つは同じ延長線上にあると思う。ファンミーティングだって今のやり方では実現出来ないと言われたならどうやったらいいのかどんな方法があるのか自分はこうしたいとか運営ととことん話し合ってみるのも大切なのではないだろうか熱い想いがあるならぶつかることも大事だと思う。
こういうことは外野にとやかく言われるより、同じ配信者で同じホロライブ、同じ目標を持つ者同士で語り合う方が良いと思う苦手かもしれないけど仲間・友達を頼ってみては？あえて言わせてもらえばネットより仲間に弱さを見せたっていいんじゃないかと思う。
あと個人的に焦っているのはファンの期待にすごく応えたいと思ってるからみんなの声を聞きすぎている気がする。
はあ豚と楽しくやっていきたいなら外の声に耳を傾けなくてもいい。自分のしたいことについてきてくれる人を大切にしたらいい。あくまで”自分のしたいこと""。たくさんのファンの願いに応えてたら苦しくなっちゃうから
。
本当にはぁちゃまがしたいこと・やってみたいことを今一度考えてみてはどうだろうか🙂‍↕️
超文ごめんよ🙇‍♀️

これを読んだらまた苦しくなっちゃうだろうな。でも何かヒントやきっかけになってほしいと思ったから…あの悲痛な叫びは聞いてる方も本当に苦しかったから少しでも良い方向に向かえばと思っていろいろ書き殴ってしまったごめんよ"
9dpdepyMm-I,"この配信を拝見させて頂き、深く感銘を受けました。
同じ空間で、あの感動を共に出来たことを嬉しく思います。
いつか赤井様と、あのバンドとのコラボが出来る日が来ることを楽しみにしています。
過去には何度かホロライブとのコラボをしてるので是非。
ご存じかと思いますが5人それぞれ配信をされているので是非遊びに来てください。僕が書くことでは無いですがｗ
あのバンドの曲の歌詞のように、内に秘めた熱を火にして燃えあがってください。
いつか対バンなんかで競演されることを心より待っています。可能性は夢限大∞
ご自愛ください。"
9dpdepyMm-I,"Entiendo la frustración que debió sentir. También me gustaría poder ser más participativo y apoyar con la membresía al menos, pero no hay $. Ni siquiera soy hábil para hacer contenido y poder propagarla. 
Me encantaría que todo el mundo pudiese apreciar las cualidades de ella; su esfuerzo, energia positiva y también su comedia.
Al ser una de las primeras, es facil que se pierda entre tantos nuevos talentos.
 
Fuerza Haachama 💪, aún tienes mucho para entregar al mundo 🫶🫰❤️‍🔥"
9dpdepyMm-I,"はちゃまさん、あまりプレッシャーを感じる必要はないと思います
人と比べないで
あなたはまだ若いのに、すでに多くのVtuberを凌駕する実績を上げています
今のファンや仲間を大切にしてください
会社や仲間のアドバイスに耳を傾け、ゆっくりと前に進んでください"
9dpdepyMm-I,"登録者人数と需要に差を感じるなら嫌いになったわけじゃないのに浮気してる連中がいるのですよ。
それは、配信視聴以外の実生活かもしれないけど。
イイね！それと思わせられたら、人が集まる土台はできてる。
99,99％の配信者が持てない土台。
業界内でホロが飛び抜けてても、箱内でも凸凹は必ずできる。
それ、他箱から見たら天上界の競争。"
9dpdepyMm-I,"初めてのコメント。

あなたの魂の鼓動を感じました。

はあちゃまの配信にて、初めてチャットをした時、私のチャットを拾ってくれて　はあちゃまがコメントしてくれたのをすごく嬉しかったのを今でも覚えています。（IHヒーターでポップコーン失敗してた回（笑）。）
それから何だか気になり　毎日配信、アーカイブの視聴をしています。
気づいたら　はあちゃまグッツまで買ってしまう大ファンになってしまっていました。
これからも応援していますので　日々の生活、配信活動　ふんばっちぇいきましょう。

長々のコメント失礼しました。"
9dpdepyMm-I,ホロにこだわる必要ないんじゃない？
9dpdepyMm-I,❤❤❤
9dpdepyMm-I,❤❤❤❤
9dpdepyMm-I,"登る山は高い方が登頂した時の達成感は別格だと思う。
でも自分の歩幅の分しか進めないから難しいんだよね。
真面目すぎて塞ぎ込んでしまう所があるのかなと勝手ながら思いました…。
こうやって吐き出して気が紛れるならその度に聞きに来ます。
正直、偏見のくだりは笑いました。
最近仕事ばかりでホロメンの配信を切り抜きで流し見するくらいでしたが、
この配信を見てはあちゃまの夢の果てを見届けたいと思いました。
自分には眩しすぎる、素敵な輝きをありがとう。
応援しています頑張ってください！"
9dpdepyMm-I,"本音配信ありがとう。はぁちゃまのイメージの一人歩きが今のはぁちゃま自身を苦しめている(※苦しめているという表現も正しくはないかもしれない)現状であったり、結果や目標にこだわりを持ちながら活動することはもちろん今コメントしている僕の想像よりはるかに大変で難しいことであると思うし、色々な壁にぶつかることも当然あると思う。
でも結果や目標にこだわる上でその壁を見ることなくに前に進む事はできないってことも赤井はあとはちゃんと理解しているし向き合っている！周りにはリスナーの皆んながいる！支えてくれる人がいるということは素晴らしいことだと思う！「絶対に大丈夫」とか無責任なことは言えないから元気づけられるか分からないけど、無理をする時はタイミングも考慮してお体に気をつけて活動してください。陰ながら応援しています！"
9dpdepyMm-I,"この配信のおかげで、ホロライブを観るのを一度止める決意に至りました。
ホロの登録もほぼ全部解除しましたし、ありがとうございます。

4年程度の箱推しですが、そらちゃん、SMOK、みこち、ぐらちゃん、ビブーなど凄く楽しかったですし、また、観たくなったら観る事にします。
自分は人を応援出来るような人間ではありませんが
こんな配信をまたしなくて済むように今、この瞬間だけですが応援させて頂きます。"
9dpdepyMm-I,そろそろ卒業かな？？？
9dpdepyMm-I,"まだまだ若い子ですからな～　これからも色々と経験して年齢を重ねていくと価値観も変わっていきますからな～
若い頃は一時の感情に流される事が多いでしょうが、それも踏まえて自分の人生を目一杯楽しんでくださいね。皆応援してますからね。"
9dpdepyMm-I,"流れてきた何かの動画でチラっと見た記憶があるけど海外向けに英語でライブ配信しながら日本中を旅してるだけで
月給１００万越えっていう日本人配信者のインタビューがあった
もちろん嘘かほんとか分からないけど確かに日本って自治体の観光課にいるような人間でも英語はからっきしで
海外向けに日本国内の旅行情報が全くアピールできていない
海外からするとこのネット社会においても日本という国は観光地が謎に包まれていて情報収集しにくい国と化していると思う
正直言って国内の旅系youtubeチャンネルはレッドオーシャン気味だから相当な工夫を凝らさないと伸びない
国内旅行会社だって大手から零細までごまんとあって百花繚乱の中で激しくしのぎを削っているにも関わらず
このインバウンドの中なのに外国人の旅行者を全く取り込めていない
なぜかと疑問にするまでもなくそれは日本人が英語を苦手とするからだ
自分も旅が好きだから国内旅系のyoutube動画をけっこう見るけど
かなり良質に感じた動画でも再生数が少ないから国内旅行の旅系動画は競争が激しすぎるんだと思う
逆に日本人による海外旅系動画は質が低くても異常に再生数が伸びているのはワールドワイドな内容だから
かつてのココ会長のようにワールドワイドな架け橋になれるユーチューバーは本当に稀有になっている
稀有どころかむしろもうはあちゃましか思い浮かばない
俺は院卒だけど俺の英語力なんて悲惨なもんだから英語が話せる人はそれだけでも尊敬する
いっそ海外ニキ向けに集中的に英語で旅レポしてワールドワイドに活動していったほうがブルーオーシャン戦略で上手くいくんじゃないかと無責任に提案してみる
先月万博で大阪近辺を旅行したけどアニメ系の強い大阪日本橋はもちろん紀伊山地の熊野大社のほうにまで外国人がたくさんいて
本当に多くの外国人が日本に興味を持ってくれて色々なところに来たがっているけど
その興味に応えられる架け橋となれるようなインフルエンサーがいない"
9dpdepyMm-I,はあちゃまの事ずっと応援したい！
9dpdepyMm-I,"かっこいい人だよ… 
いろいろ制約があって大変だろうけど、好きなことを好きなだけやってほしいわ"
9dpdepyMm-I,はあちゃまっちゃまー！
9dpdepyMm-I,"表現に真剣に向き合い過ぎた結果苦しむ、それはゴッホにも、はあちゃまにも重なる部分があると思いました。
ちょうど今月の書庫らでんで紹介されている『ゴッホ 麦畑の秘密』をぜひ読んでいただきたいです。
ゴッホもまた「狂気」の画家と語られがちですが、この本では彼の理性的で冷静な一面、人間としての温かみや深さが丁寧に描かれていて通じるところがあると感じました。"
9dpdepyMm-I,"凄く刺さった配信でした
オジだけどもう一回頑張って上を目指したくなった！
世の中は努力は前提として、運とタイミングが大きいと思う
はあちゃまが頑張ってる姿を見ながら自分も頑張って行こうと思う
ホロを見始めて半年少し、初登録ははあちゃまに捧げます
配信を見られて本当に良かった！ROM専が基本だけど応援します🎉"
9dpdepyMm-I,"俺は箱推しだが、浅い。
そんな俺でもはあちゃまの事は知ってたし、なんならV知る前から名前知ってたぞ
見てるだけのファンや応援してる人は沢山いるぞ"
9dpdepyMm-I,"自分の中で努力している事がなかなか芽吹かないと感じる時には感情が溢れちゃうよね。
日々の仕事を淡々とこなしつつ、まったり余暇にホロライブを楽しむおっさんからすると、眩さすら感じたよ。

ふと思ったのが、時にぐちゃぐちゃになる感情すらもロックのように歌にしてみるとかはどうだろうか。

何らか前に向かうエネルギーとして昇華できるといいね！"
9dpdepyMm-I,どっちかというと意外とまとも、というイメージなのでは…
9dpdepyMm-I,"いろんな人の意見を聞かなくてもいいと思うよ。
人それぞれ目指す方向も違うし、自分のことは結局自分が1番よく分かってるんだから。"
9dpdepyMm-I,"上手くいかない時にムキになって必死になって一点集中するほど自分を追い込んで苦しくなってしまうから、そんな時こそ前のめりにならず肩の力抜いてとにかく試行錯誤続けてみよう。続けていればある日突然するっと一歩前に進めたりするよ。
目標、成功と言った奴らはそこを目指す努力者の感情や想いに興味が無いよね。ただ、そこに見合うだけのモノがあるかどうかというだけのクールな奴らさ😅だから感情に呑まれたところで自分のモチベと努力の質が下がるだけという非情な現実がそこにあるだけ。夢追い人にできることはどんな時もとにかく継続し続ける。これしかない。というかこれが人間の限界だよ😅
やるだけやってもう自分ではこれ以上どうしようもないという状況を常に作っておいて、結果は運とか運命と言ったよく分からないものにお任せするしかない。これ以上やりようがないんだからしょうがないじゃない、開き直るしかないのよ。そしてそれでもやりたいから継続していたらまた新たな小さな発見が見つかって改善修正していく。それの繰り返し。
結果、得るものは得られるし得られないものはどうやっても得られないのがこの世の中さ。やることやってんだったら自分を追い込んでもしょうがねえｗそれでも自分がやりたい以上、思い詰めずに気楽に努力を継続して行くしかないよね👍"
9dpdepyMm-I,"アイドルの世界は私には分かりませんが、ファンの声に耳を傾けて前向きな気持ちでいてください。
応援している人の声を大切にしてください。"
9dpdepyMm-I,"応援してるよ
特に英語配信はいずれホロの宝と呼ばれると思ってる!
自分に負けずガンバレ"
9dpdepyMm-I,"心配だな。
心身の健康を願います。"
9dpdepyMm-I,配信活動続けてくれるだけで嬉しい。同い年として励みになる。
9dpdepyMm-I,"こういう人に他人を気にするなとか、結果だけを見るなというのも違うかもだけど、一度自分の好きなものとかやりたいことを整理したり周囲と相談するのも良いかと
結果だけを見ると病む、ああすればよかったとか過去を悔いるようになるんだよね、はあちゃま思い詰めすぎで病みそう
大事なのは過程、それをいかにして楽しめるか
ただ、理屈がわかってたとしても心はそんなに簡単には変わらないから、思い詰めず好きな事を好きなだけ続けられるようにまずは環境を整えたら良いと思う"
9dpdepyMm-I,"本音を聞かせてくれてありがとう。
はあちゃまを陰ながらこれからも、ずっと応援しています！"
9dpdepyMm-I,辛いことがあったら僕たちのことを思い出して！僕はずっと応援しているから！
9dpdepyMm-I,はあちゃまに限らず、活動者さんってやっぱりこういう思いを抱えて日々皆にコンテンツ届けたりしてるんだなって思うし、頑張ってても報われないことが世の中にはあるけど、それでも報われてほしいなと思う。
9dpdepyMm-I,"やりたい事をやってる人ってどんだけ居るんだろう。やりたくても出来なかった人の方が断然多いと思う。チャンスって平等だけど
チャンスを活かせる人って努力だけでは補えない特別な何かを持っている。組織に属すると自由に出来ない事の方が断然多いと思う。
けど、組織のルールに則った雛壇のお飾りで終わったら折角のチャンスが勿体ないと思ってしまう。ルールを壊すとかじゃなく、
自らの活動が新しいルールになる。アーカイブ見てそれ位のポテンシャルあるメンバーだと思いました。"
9dpdepyMm-I,登録しました応援してます
9dpdepyMm-I,自身の悔しい気持ちを素直に認めて、大勢の人に話せるって凄いことだと思います。それだけで終わらず、笑える雑談を挟んで最後は笑顔で配信を締める。本当にすごい😀
9dpdepyMm-I,もっとコラボできたら精神的にも楽になるんだろうけどな
9dpdepyMm-I,"偶然アーカイブが目にとまり、拝見しました。自分もいろいろと考えさせられました。
話されていた悩みの数々は長く続けてきたからこそ込み上げてくるものなのでしょう。そして必死にやってきたからこそ悔しかったり頑張りたい気持ちも沸くのだと思います。良い経験も苦い経験もこれからの貴女にとって必要な要素のはず。だけど無理はしすぎず、ご自分のペース頑張ってください。
最後になりましたが、メンシ加入させていただきました。応援しています。"
9dpdepyMm-I,"本音を言ってくれるのは、結構身近に感じれてちょっと嬉しいね。

結果的に成功しても成功しなくても、自分がやりたいことやっていった結果の方が自分の中で折り合いがつくんじゃないかな。

はあちゃまが頑張っていく姿がめっちゃ好きだから
どんな形でも応援していくからこれからも頑張ってほしい。"
9dpdepyMm-I,"埋もれてしまうコメントですがちょっとだけ
・無責任な大人が言う「あなたはなりたい自分になれる」は嘘
なる為の能力がない場合、いくら強く想ってもなれないです。大谷翔平にはなれません。その能力を得る為に人は勉強しなければなりません
成りたい自分に向けてがんばりましょう！

P.S.
自分としては英語を勉強しているので
英語を学びたいと思ってるJPメンバーに本格的な英語レッスン配信(少人数で)
日本語を学びたいと思ってるIDENメンバーに日本語レッスン配信
が見てみたいです！"
9dpdepyMm-I,結局コラボだと思うよホロライブで成り上がってったやつはひたすらコラボして擦り寄って自分を必死に売っていった奴らだから
9dpdepyMm-I,"「それは夏の終わりの事でした　小さな命、たくさんの愛　育まれ　一人の物語が始まった」
自分が好きなロードオブメジャーというバンドの曲の歌詞です。
小さな命＝はあちゃま　たくさんの愛＝推してくれている人たち
長い時間をかけて育ってきた…そしてここから一人の物語「はあちゃまの物語」が始まった

という個人的な解釈です。歌詞は一人ですが…一人じゃないと思ってます！

スイカに蛇口をつけた切り抜きで知った民ですが、この配信がなかったら「また見たいな」という気持ちがわきませんでした…申し訳ない
たまに見に来る程度かもしれませんが、少しずつ知っていけたらいいなと思いました！(*´ω｀*)ｂ"
9dpdepyMm-I,"コヨーテが逃げ登った大木は切り倒され、谷間に掛かる橋となった。
しかし、この人達が逃げ登った木は倒れる場所が無い。周りは既に開発済み。世界の合意にそぐわなかったこの人達は、もう登る先も無い。
尋ねてみた。「なぜ登ったのか？」と。男は言った。「失敗は恐れているが好奇心は恐れていない。」

ー第6フォルマントより抜粋"
9dpdepyMm-I,頑張って下さい、普段声を出していないだけで応援してる人はいます。
9dpdepyMm-I,"魂の叫びは、私の心にぶっ刺さり応援したいと思いました。
私も頑張りたいと勇気をもらえました。"
9dpdepyMm-I,"怪談系を見ててオススメから動画を見つけました
濱口優っていう有名な芸能人の弟に占い師の方がいます
人気過ぎて予約が難しいですが予約を取ってはどうでしょうか？
濱口善幸と好井と検索するとで関連の怪談動画が出て濱口善幸さん本人が見れます
自分も少し占いを齧ってますが赤井さんは軸がないのが悩みの原因だと思います"
9dpdepyMm-I,"ええんやで
ええんやで"
9dpdepyMm-I,"これだけ悔しいと思えるのがかっこいいわ。
もう自己効力感もなくなって何か目標に対して挑戦しなくなった自分には非常に素敵な人だと感じる。"
9dpdepyMm-I,"こんなん泣くわ
幸せになって欲しい"
9dpdepyMm-I,4:20
9dpdepyMm-I,ちゃんみな選曲がまずかったのかな😢
9dpdepyMm-I,"聞いてて苦しくなってしまった。
職業上仕方ないかもしれないけど誰かと比較したりせず自分のペースで楽しいことだけに目を向けて活動してほしい"
9dpdepyMm-I,私にとってはあちゃまはホロライブという箱を知るようになった一つのきっかけであり、ホロライブの中においてもすごい人材だと思います。何より、ここまで自分の気持ちをあからさまに世間に晒す人そこそこいないと思います。もう溜まり切れないかもしれません。
9dpdepyMm-I,"キャラ付けが固定されつつあってそれに引っ張られることは苦しいかもしれないけれど
またあらたな試みや活動は今までの事にしっかりと上積みされて魅力に幅が出ると思います
みんなはあちゃまが大好きだよ"
9dpdepyMm-I,いつまでたって俺たちは応援してんで〜
9dpdepyMm-I,"競う世界にいるから比べられるのは仕方がないな
運営は悪くないというか、感情とは切り離して冷静に分析する視点は常に必要"
9dpdepyMm-I,"今悔しさを乗り越えた時どんな景色見せてくれるんだろうか
応援して待ってます👊🔥"
9dpdepyMm-I,最初期はあとさんが発言してた認知されることが一番重要でその点１期生では、はあとさんとまつりさん２期生ではスバルさんと尖って見つかるため派手に行くぞ！っていう勢いあったのを覚えてる
9dpdepyMm-I,"初期のはあちゃまも含めて全部好き
キャラ変っていうか若ければ特に人間って誰しも急に変わる瞬間あるからね
つまりはあちゃまはその時その時の等身大を見せてくれてたってこと、そんなところが大好きなんだよな"
9dpdepyMm-I,なんて言葉をかけるのが正解かは分からないけれど、間違いなく俺たちははあちゃまの味方だし何よりはあちゃまの幸せを願ってる
9dpdepyMm-I,"根は真面目ですごくいい子なのはわかるんだけど
〇〇する⇒飽きる⇒お気持ちのループなのでそこを改善すれば変わるんじゃないのかなーって思う"
9dpdepyMm-I,"道なき道を突き進み何かを掴んで大逆転したいのかな、ホロメンはライバル？
ホロの設備もいいんだろうけど、傍から見てホロメンと絡める立場は何より代えがたいように思う
広く認知されてる（すごいぜ！）邪魔にしてるキャライメージも魅力的なギャップとして利用できないもんかいの"
9dpdepyMm-I,私がはぁちゃまに出会ったのは、他のメンバー同様にやはりホロメンとのコラボでした。こんな逸材がまだいるのか！と驚きました。出会わせてくれたコラボにはやはり感謝です。いろんな思いはあると思いますが、どんな方法でもはあちゃまに出会える人がもっと増えることを願っています。
9dpdepyMm-I,"お疲れ様です。
沢山寝て、食べて、笑ってください。"
9dpdepyMm-I,おじさん全部見ました。激しく訴えかけるはあちゃまに感情突き動かされました。きっと今後も沢山の人の心を動かすんでしょう😊
9dpdepyMm-I,私ももがくものですが、はぁちゃまみたいにはっきり「頑張ってるのにーっ！」とは言えないなと。一緒に泣いちゃってましたが、泣く資格ないかもと。いいビンタを喰らわされました！私もまだまだ自分が目指してるところへと諦めずにがんはります。だって悔しいもんね。そんな私は50歳。ホロライブの皆さんが夢に向かって頑張っている姿にすごく励まされています。応援しかできないけど応援してます。
9dpdepyMm-I,泣いてるシーン時間教えて
9dpdepyMm-I,スバル、みこち、すいちゃん、ミオしゃ、ほかホロメンはパーティしてあげてくれ！はあちゃまの為に
9dpdepyMm-I,はぁちゃまが一番人間味があっていいと思う🥺何者かになろうと足掻くのって本当に辛いのにようやっとる🥺
9dpdepyMm-I,"デビューから見届けてきたけど…より一層意欲的でアクティブになってきてるなと思ってました。見てて楽しいです。
こういうのを打ち明けるのって勇気がいるしメン限でなく全体で発信。メン限にすればよかった！と思った気持ちはあるようですが…自分は本音を聴けて良かった。じゃなかったら当人の心境気付けない1人でした。
これからも応援します。やりたいことの実現、見届けたいです"
9dpdepyMm-I,"むきだしのアイドル見ると熱いものを感じる・・・
それだけ一生懸命取り組んでるんだなって
これからも視聴者の心を揺さぶるあなたを楽しみにしています！！"
9dpdepyMm-I,話を聞くにたくさんのファンが欲しいなら、たくさん見られている場所で、好印象を与えることだと思います。昔で言うテレビ、多くの人に触れられる、メディア、チャンネルで、この人はすごいという演出、周りの押しがあって、視聴者は洗脳されると思います。ファン獲得は、大メディア＋大押しが必要かもです
9dpdepyMm-I,"辞めずに活動してるだけで称賛よ。ちゃまスキルならなんぼでも仕事見つかるだろうに。
それに大丈夫だよ。はあちゃま。あのホロの伝説のドラゴンがはあちゃまは天才だって言ってるし。工夫は大事だけど無理にやりたくない仕事や活動はやらなくてもいいと思うよ。やりたい事をやって後は托身！人気商売だから数字は比べられるだろうけど、私はこれをやりたいんだ！という職人になるんだ！"
9dpdepyMm-I,みんなが応援してるよ..! がんばれ!
9dpdepyMm-I,"はあちゃまごめんなさい、ずっと破天荒な人なんだと思ってた。でもこの配信で凄く繊細な人なんだと感じた。
この配信が何かのきっかけになればいいなと、その可能性を秘めてた配信だなと思うよ。もっと多くの人の目に届いて欲しい。"
9dpdepyMm-I,登録者数多い人とたくさんコラボして、こっちに呼び込めば
9dpdepyMm-I,比べちゃよくないですよ。自分のことを好きに思ってくれる人だけとかかわれば、楽なのですが。小さい世界でやったほうが、うまく着地するかもですね
9dpdepyMm-I,はあちゃまは『完璧主義者』なのかもしれません。高くに目標置いてその都度挫折して、嫉妬して、諦めて、羨んで、妬んで、病んで、鬱になって……。私は人間らしくていいなって思いました。頑張れってすごく酷な言葉かもしれませんが、心の底から笑顔になれる選択肢に向かってこれからも頑張ってほしいです！！
9dpdepyMm-I,悔しい気持ちが伝わってきた！！！！伝わってます、登録しました！応援します
9dpdepyMm-I,"若さ故の悩み爆発って感じだな。
自分もそうだったけど若い頃って他の人と比べて焦っちゃうんだよね。
他の人達が自分よりもずっとやりたい事を沢山やれてる気がしてさ…。
所謂「隣の芝生は青く見える」ってやつ。
まぁでも焦らずに今の自分にできる事をコツコツやっていく事が、結局は自分の成長と未来につながると思うよ。"
9dpdepyMm-I,他のホロメンも遅かれ早かれある谷の部分。度々あるかもしれん谷だけど、はあちゃまはこれ乗り越えたら大丈夫。輝いてる。トーク力もある。才能も色んなジャンルである。努力家でもある。伸び代もある。何よりはあちゃまが凄いって言ってるホロメンがいるホロライブに所属している。正味周りの目は邪魔にしかならない。ダメージ食らう覚悟で気にして再起不能なんか悲しみしかないぜ。のんびり行こう。はあちゃまは早すぎるんだ。ゆっくりのんびり旅するように行こう。
9dpdepyMm-I,誰か、出来ない僕らのために誰かはあちゃまを抱きしめてあげて！！
9dpdepyMm-I,"かっこいい、めちゃくちゃかっこいい
最高にアイドルだと思う"
9dpdepyMm-I,若いなぁって感じがしました。本当にはあちゃまのことを全く知らない人間なので的外れかもしれないけど・・・早く行きたいなら一人で行きなさい。遠くへ行きたいなら仲間と行きなさい　って言葉を思い出した。　はあちゃまが感じていることは本当に特別なことじゃなくて誰もが感じることだと思うし、理不尽だと思うことも誰もが感じることだと思うけど　なんとなーくだけど「自分が一番不幸」だと思ってしまう思考にとらわれている気がする。運営が思ったことやりたいことをさせてくれないなんて船長の配信を見ていたら本当にたくさんあったんだろうなぁって思うし、（私はアーカイブ含めて全部見ているのは船長だけなんで・・・）それを自分だけとか人気がないからって思うのではなくて　単純にタイミングとかはあちゃまの視点から見えないいろんなことがあって仕方ないこともあると思うけど、それを推し量るより感情が前に出てしまっているように見えます。感情を前に出しすぎると損ばかり増えるからみんな人前で言わないようにぐっと我慢していて見えないところで泣いていたりしいているだけでみんな泣いていると思います。　最初にいろいろ工夫してやってみたのはすごいと思うし勇気がたくさん必要だったと思う。　そこはもっと認めてあげて　できればファンの人はこの人はこんなことをやってきた人なんだぜ！ってショート切り抜きをたくさん出してあげてほしい　と思った。それとは別に自分とほかの人は何が違うのか、謙虚になってホロメンに聞きまくっていいと思った。先輩だし、後輩は自分たちが作ったレールの上をのうのうと歩いているとか思うところもあるかもしれない。そうじゃないかもしれないが、そんなのまったく関係ないところで　全部捨て去ったところで今より良いパフォーマンスをするためにプライドを一回捨てて見せ方やコツを聞きまくればよいと思った。ファンにもっと良い自分を見せることとプライドを天秤にかけてどっちが傾くかとかかなぁ・・・違うしそんなことはもうやっているかもしれないが。ヤゴーが見出したいろんな才能がホロメンとして身近にいるのだからもっと活用したらいいのではないか？　はあちゃまのやってきたことをみんなが活用しているのだから・・・気負わずにやってほしい。40歳からしたら３０半ばまで若いからなぁ。本当に幼稚に見えるよ。２０代とか子供に見える。かわいいって感じ。　ダンスとか歌も下手でも見せ方ひとつで「面白い」って思う人はいる。海外のセレブが「クールだね」って言えばピコ太郎の意味不明な歌も世界ヒットだからな。はあちゃまは運が介在する要素とそれ以外の切り分けがうまくできてないのではないだろうか？　人気商売！といいつつ遅刻をして　努力は全部していると言う。　これには矛盾を感じました。私は配信が遅れるのは全く気にならない。　気になるのはすごく楽しみにしていた人だけだと思う。成功の秘訣はミスをしないことって言っている人もいます。　ミスをしないのは本当に難しいけどね。　ミスをすると信用を失うからねぇ。　はあちゃまは運営がしたミスは笑って許せる？　自分のミスは笑って許してほしい？　わたしは自分のミスを笑って許してもらえると思ってないので必死にミスをしないように仕事をしている。　ミスしたら謝罪も必要だが何より再発防止策をして二度とミスしないことが大事だと思う。仕事ではね。　最後にショートで素敵な旅動画だなーってぼーっと見ていたら　え？　はあちゃま！？　ってびっくりしたことがあった。　楽しいショート動画でした。ありがとうございます。　たぶんだけど何も知らないけどはあちゃまが思うより運営もホロメンもファンもあなたの味方だと思う。
9dpdepyMm-I,"こんな事言わせる運営はダメだね

どこの株主とは言わないけど
えらい稼がせようとうるさいんよね"
9dpdepyMm-I,はあちゃまの等身大で熱いところ、変わらないな
9dpdepyMm-I,はあちゃまに救われてる人、元気付けられてる人、勇気付けられてる人、癒されてる人はこんなにもいっぱいいますよ。私もその一人。はあちゃまが大好きな一人です。辛いことを言われる事が沢山あるけど、支えてくれる人はそれを圧倒するぐらいいるから安心してはあちゃまらしくやってくれればいいんです。これからもありのままのはあちゃまでいてね。これからも応援してます。
9dpdepyMm-I,うーん…まあがんば…
9dpdepyMm-I,でもこの子の俺より稼いでいますし(´;ω;｀)
9dpdepyMm-I,熱い想いは伝わったよ
9dpdepyMm-I,"一回ネットから離れて冷静にならないと壊れるぞ。
まぁ今休ましたらもっと壊れるかもだから難しい問題よね"
9dpdepyMm-I,大丈夫、大丈夫
9dpdepyMm-I,"人が楽しんでるところにこういう水差しばかりしてるから人が離れていくのそろそろわかろう
ホロぐらに文句いうとかありえんしそれを楽しんでるファンの気持ちを考えなよ
自分で作ったキャラなのに文句言ってるの見せながら人気になりたいなんて誰の耳にも届かないでしょう"
9dpdepyMm-I,これからずっとはあとのことだけを見ていく。
9dpdepyMm-I,"遅ればせながらアーカイブを見ましたが、色々感情を揺さぶられました。
失敗しても泣いても落ち込んでもいいと思います。それでも、前を向いて頑張れる人間だけが成功するはずなので、そんなはあちゃまを私は応援したいです！
昔は狂人なイメージがあったのかもですが、私が好きになったのは人間臭さや努力して輝こうとする姿が感じられるからであり成長をし続けていると思います。
これからも前に進むはあちゃまに幸あれ！！！

すれ違いアイドルは笑いましたｗ"
9dpdepyMm-I,"ちゃまってホントいい意味で、人間味に溢れてるよね

悩んでも葛藤してもいい、立ち止まっても、躓いて転んだっていい
泥にまみれても、それでも這い上がり立ち上がり、一歩ずつ進んでいく
それがちゃまのいいところだし、ちゃまの強さ

悔しさは足枷ではなく、前に進む為の原動力、バネにしかならない
これからもちゃまはちゃまらしく、ガンガン突き進んで行けばいいんだと思う"
9dpdepyMm-I,きっと必ず救える。
9dpdepyMm-I,「この道を行けばどうなるものか。 危ぶむなかれ、危ぶめば道はなし。 踏み出せばその一足がみちとなり、その一足が道となる。 迷わず行けよ、行けばわかるさ。」とアントニオ猪木も言っている。色々言われるだろうけど、はまちゃまの感じるままに突き進んでほしい
9dpdepyMm-I,自分も一世一代の大勝負の時なんだ、一緒の頑張ろ👊
9dpdepyMm-I,"明らかに迷走してるし休止も多いからでは？
あれやるこれやる言うのはいいけどすぐ辞めちゃうし"
9dpdepyMm-I,本当に辛いなら休むことが必須。自分の生きがいを見つけて満足のいく人生を送ってください。あなたに祝福がありますように。
9dpdepyMm-I,なんの才能もないのにV豚からお布施もらえんだからいいじゃねえか甘いこと吐かしてんなよ
9dpdepyMm-I,"狂人の頃の、はあちゃまは苦手だったけど今のはあちゃまは好きだな
コラボとかするなら、あずきちのジオゲッサーと相性良さそうなのでしてほしい"
9dpdepyMm-I,"はあちゃまの歌好きだしアイドルしてるけど、普段聴きするかと言われるとしない。
数字は確かに取れてないけど、数字気にして無理して楽しむのも違うから、本当に好きな事やってほしい。その好きな事で数字もとれたらベスト…ってそれが難しいんだろうけどね。
おれらは見ることしか出来ないけど、応援するから🎉
いつか、ちゃまのライブとか行けたらいいな"
9dpdepyMm-I,魂の叫びが心に響いたわ
9dpdepyMm-I,"何ができるわけでもないけど
ちゃんと好き🫶応援してる"
9dpdepyMm-I,ずっと応援してます！
9dpdepyMm-I,"今までの活動で付いているイメージと長い期間続けてきて変化したこと、そうして見えてきたやりたいことや目指すものとの乖離に葛藤してる感じかな
真正面から向き合って戦う姿勢は本当にとても格好良い"
9dpdepyMm-I,本当にこれからも頑張ってほしい。
9dpdepyMm-I,"「赤井はあと」を３年ほど前から知ってる自分ですが、未だどこを目指して活動してるのか全く分からない。
「次に何してくるのか分からないワクワク感」に溢れる活動者だと思ってる。
何かを目指して極める泥臭い成長型コンテンツは勇気を貰えて好きだけど、アレコレとにかく挑戦するバイタリティ溢れる成長型コンテンツも大好き。"
9dpdepyMm-I,昔と今関係なく、その生き様を強味にして活動を続けて欲しい。この配信みてもっと好きになった。応援しています。心の赴くままにやって下さい。
9dpdepyMm-I,はあちゃま大好きだよ
9dpdepyMm-I,"悔しくて泣いてしまうのって、それだけ今の活動に一生懸命だからなんだと思う。
途中で、「はあちゃまはまだ大人じゃないのかな」っていう言葉があったけど、大人は経験があるためにそこそこのところで諦めてしまう。はあちゃまはやっぱり若いと思うから、諦めずにもがいておくれ。
はあとんは、抗ってもがくはあちゃまをずっと応援し続けるよ。"
9dpdepyMm-I,はあちゃま、マジ主人公だよ。これからも突き進んで行ってほしい。
9dpdepyMm-I,すごいな・・・『生き様の照明』『生き方の葛藤』悟りの一歩手前みたい。俺もこういう境涯なりたい
9dpdepyMm-I,"悩んで悩んで悩んだ先に見つけられることが必ずあるはず。
はあちゃまの選ぶ道を応援し続けます!"
9dpdepyMm-I,"自分から見て「なりたい自分」になれている人がいればなんらかの方法を使ってその人にお話を聞いてみるのはどうでしょうか？
具体的に誰、という人がおらず自分の内面の自分の理想だけを追い求めているのであれば
判断基準があいまい且つハードルが上がり続けていき、納期未達ばかりに意識がいってしまうので辛いと思います

望んだ結果というのは結果がでるまで続けた人だけが得るもので
これは他者に強制したり強制されるとただのブラックな考え方なんですが
自分自身で目標を決めて一つ一つ積み重ねていくのは人に強制されるよりは幾分楽しさもあると思います

相当ドライな環境で努力されてると思いますので頑張れとは言えませんが
どうぞ心健やかに"
9dpdepyMm-I,"この前の爆誕祭からはあちゃまを見始めました。初見でも努力が伝わるダンスの動きでした。
今はメンギフもらって特典得てますが、メンシプ継続するので、今後も魅力見させてくださいね。あまり思いつめないで。"
9dpdepyMm-I,"使える武器が沢山あるのにあえて使わない選択をして
苦しい思いをしている様に見える。"
9dpdepyMm-I,イメージが独り歩きして、そのギャップは悩むよな。
9dpdepyMm-I,"狂人キャラが独り歩きしてるって言うけど、素のはあちゃまも、一般人から見たら、いい意味でかなりぶっ飛んでるぞwタレントとして誇った方がいいし、必死に脱却する必要も感じない。

また、活動をプロデュースするブレイン的な人をつけた方がいいのではと思った。
少なくともホロメンや運営としっかり相談した方がいいと思う。プロデュースの達人がゴロゴロいる最高の環境にいるのだから。
活動含めホロライブという最強の箱にいる事を露骨に利用すべきや！"
9dpdepyMm-I,"ネットで取り上げられてるので知って、登録しました。
色々と人とは違った面白いことやってるって聞いて、これからの配信が楽しみになりました。
流行りのゲームをやるだけがVtuberじゃないと思います。これからも応援してます。
でも旅関係の配信は、生放送だとめっちゃ盛り上がって人集まるんだけど、
企業でやってると、道歩いてる人の肖像権とか大変だよね"
9dpdepyMm-I,"遅ればせながら、はぁちゃまの愚痴聞かせて頂きました😊

そんなはぁちゃまに、ひいらぎの「今、このとき。」という曲を是非聴い欲しいです🌟🚀"
9dpdepyMm-I,"Keep figthing Haachama ! Every struggle is a learning leason, keep imrproving, keep walking forward, we will be there pushing you and walking beside you, YOU ARE AMAZING, WORLD STRONGEST VTUBER"
9dpdepyMm-I,"一人でバズろうとすると頑張って結果が出ない時期が続くとツライ、言い訳出来ないなどネガティブになるので。
仲の良い仲間が多そうなホロなら、はあちゃまみたいに密かに思っている人いそう。ホロ以外もアリ。

バズり隊ってグループ作っちゃえ
あとは誰かの人の為に頑張る活動とか。
日本人若者印象UPプロジェクト。
旅行が好きだから旅館に泊まろうプロジェクト。
料理が好きだから料理人応援プロジェクト。"
9dpdepyMm-I,"けっこう高い所飛んでるなぁって思ってたけどまだまだ低空、もしかしたら飛ぶ前の可能性もある大きな飛行機だったんだね
すれ違ってるかもしれない系アイドルいいね
迷いもあると思うけど確実に前進してる！
熱い気持ち伝えてくれてありがとう！！"
9dpdepyMm-I,頑張れ！
9dpdepyMm-I,"こういう事するから運営から距離置かれるんじゃないか
素直にこの子の為にリソース裂こうとか思えない
運営を批判しないで！とか言いながら　運営にこんな事言われた
とか表に出してたり　
ああ　それともこれって　ヒスってファンが慰める　までが芸？"
9dpdepyMm-I,"配信お疲れ様です。

写真展の件で気になり、今回初めて見に来ました。

色々と申し上げたいことはありますが、せめて配信は冷静な時に行った方が良いと思います。"
9dpdepyMm-I,"登録者数158万を「こんな所で終われない！」って言ったり、実力不足で不自由だと感じたりしてるのは、人から見れば尊大で現状の受け入れを拒否する若さか何かに見えるだろうけど、
俺はサラリーマンのくせに会社のおかしい所を変えようと尊大で無駄が多くて傍から見たら馬鹿馬鹿しい事を必死でやってて、ハッピーになって欲しい従業員たちの抵抗によってうまく進まなくて、正攻法にこだわる為にひたすら勉強と政治をしながらまだまだ全然進めてないけど、これしかないと思ってまだ頑張ってる。ウチの社内には同じ事を思ってる人は居ないから俺は「普通」じゃないんだろうなと思いつつ、普通よりは自分らしい事をしてたい。
この尊大さを愛すべき普通のみんなにサラリと否定される感じが、もしかしたらはあちゃまの悔しさに似てるのかも知れない。
俺は頑張るけど、1人のサラリーマンのおっさんが頑張れるのはホロメンの配信のおかげだから、VTuber関連の諸々に感謝してるよ。"
9dpdepyMm-I,胸熱くなったわ。熱い思いどうにもならない気持ち。どんどん吐き出して教えてくれ。
9dpdepyMm-I,"頑張れ
そして自分が壊れる前に自分を許してやれ
You can do it！"
9dpdepyMm-I,"I always pay attention to what Haachama is doing because she is a fundamentally interesting person. Whatever she does to achieve her goals will be worth paying attention to, in any form she takes.

Her frustration is legitimate, and I'm glad that expressing it is making people take notice. She shouldn't be held back by people's old ideas of who she is. There are dreams that need to come true, and that means change and excitement."
9dpdepyMm-I,"旅人さんだね、それも熟練の
言わなくてもきっと本当だと感じる場所に辿り着く練度の旅人さん

ただあえて一言お節介に言うなら何だろうね
「道を楽しんで」なのかな？
言うのは簡単で、言われるとちょっとイラっとするかも
「泥んこ遊び」くらいの方がらしいかな？

きっと多くを理解して尚、葛藤はあるのだろうけど、
幾重にも深みを増しているその先はきっと豊かな形になると想う

それと、もし道を見失って独りになったとしても独りではないよ
絶対とは言わないけど、まだ残るよん"
9dpdepyMm-I,もっと感情的になればいいよ。ホロメンは感情出さなすぎて溜め込むよりはたまにはぶちまけていいんだよ！はぁちゃまははぁちゃまの個性があるから、はぁちゃまは間違いなくホロLIVEのメンバーだよ！
9dpdepyMm-I,はーちゃまの英語、ガチでかっこいいぞ！
9dpdepyMm-I,はあちゃまはカッコイイよ
9dpdepyMm-I,終わらないでくれてありがとう
9dpdepyMm-I,はあちゃま、まずはライアーゲームやろうぜ
9dpdepyMm-I,"ジャンボジェットはあちゃまの行きつく先を楽しみにしてます！
ふぁいとー！！"
9dpdepyMm-I,"こういう時は""パーティ""だってスバルが言ってた。""パーティ""ってなんだ？って思ったらぜひスバルに聞くところから配信して欲しいです。ホロライブの強みは箱内の繋がりだと思います。ぜひ活かしてもっと伸びて欲しい。"
9dpdepyMm-I,英語喋れるって強いけどな、誇れることよ、うまく活かせれたらいいのにな
9dpdepyMm-I,"やりたいことをやった結果の数字は視聴者側の需要の数なんで仕方ないと思います。この需要の数の構造を理解しようとすると母数があって、その母数の中には熱心なファン、たまに気になってみるファン、箱推し、ホロには興味ないけどオススメに出てきたからとか多種多様なんですね。
ある企画をやった際に熱心なファンは毎回見てくれるし、たまに見るファンは内容によって見るか見ないか決めるし、箱推しは時間があれば見るかもしれないし、ホロに興味なしオススメ出てきたよ層はサムネ等で判断するかもしれない。
このように何でも構造があるんですよ。
構造は何にでもありますが当然その中には運もあるんですよ。デビューしたタイミング、世の中の情勢、業界の流れ、健康、等々様々。
例えば、今デビューするVは恐らくある程度で頭打ちになり、Vの本当にトップ層に入ってくるのは超超超レアケースになると思います。
これを市場の言葉で現すと、飽和しているということですね。つまりブルーオーシャンではなくなったということです。
ちなみにV業界の現在はレッドオーシャンでもない。この業界は飽和した中で客の流動が少ないんです。
で、僕が何を言いたいのかというと、漸進性重視の筋肥大筋トレは止めようということですね。
漸進性重視の筋トレはある意味一部の人が続けられる筋トレなんですよ。フィットネス業界ではジムの閉鎖が相次いでますが、そういったボディビル式の漸進性トレーニング（10回MAXの重さで始め軽くなってきたら重さを上げる）は一般人には受け入れられないキツさだったということなんです。
つまりジムは漸進性トレーニングをやらせてダメになったんですね。
では何が良かったか？筋トレ初心者には持久筋トレーニングをやらせればよかったんですよ。持久筋トレーニングならば、重くないし、明らかに体力が上がっていくんで、筋肥大効率が悪くても続けらるし、人によってはそこから筋肥大（漸進性）トレーニングに移っていけるし、体が慣れてるんで怪我も少なくなる。
それができなかったフィットネス業界は数年前にピークを迎えましたが、その客を繋ぎ留められなかったんです。

えーと、ごめんなさい。何が言いたいか分からなくなりました。"
9dpdepyMm-I,はぁちゃま、頑張ってる途中
9dpdepyMm-I,たまんねーまじで
9dpdepyMm-I,自分よりよく見える人たちに嫉妬してしまう気持ち分かります　人とくべてしまう毎日って辛いですよね　でも、はあちゃまはすごいと思います　ファンにこうやって本音を言えるってなかなかできることではないですよ！本音を聞いていろんな事で共感できました。それでも、はあちゃまは頑張っているんだって、今落ちこんでいる僕を元気づけてくれたのは、他でもないはあちゃまなんです！ありがとう！　飛行機の乗員一人増えましたよ　飛び立つ時間は長いほどたくさんの人の思いを乗せると思います
9dpdepyMm-I,オレ、はあちゃま好きだよ。元気だして
9dpdepyMm-I,赤井はあとさんは素敵な方です( ´∀`)
9dpdepyMm-I,本来配信できる時に配信すればいいんだけどね。無駄に責める人いるかもしれないけど。そういう人の時間って別に貴重じゃ無いよ。その人たちはあまり人の気持ちとかわからない人なんだろうし、社会経験とか無いと思うんだよな。
9dpdepyMm-I,最近のホロライブって横の繋がりが増えてきてコラボとか企画で今まであまり知らなかったホロメンにで会うこと多いと思う！
9dpdepyMm-I,自分のペースで無理しないでね！
9dpdepyMm-I,"自分のはあちゃまのイメージは「破天荒」とか「狂人」とかが強かっけど本当は誰よりも努力家で負けず嫌いでファンのことを1番に考えていると言うことを知ってイメージが180度変わりました。
はあちゃまの辛さや悩み、やりたいことなど本音を聞くとができてはあちゃまも1人の人間なんだなと思い自分ももっと頑張りたいと思えました！
これからもはあちゃまが好きなことをして楽しそうにキラキラしている姿を見ていきたいと思います！辛いことがあったら話したりとかしてこれからもはあちゃまらしく頑張ってください！！応援しています！！"
9dpdepyMm-I,"無理にキャラ作るとかじゃなくて自然体でいて欲しい
このアーカイブ見て心が揺らいだ。"
9dpdepyMm-I,"急激に伸びることってそうないから地道に活動していってほしいな
色んなことに挑戦するのはたしかに大事だけど、それぞれの企画に挑戦し続けないと(＝継続)自分のものにならないと思う
ホラー企画も旅動画もゲーム配信も定期的にして蒸発しないでくれると嬉しい"
9dpdepyMm-I,"（注意）ホロアンチが大喜びで群がってきています。
相手にせず無視しましょう"
9dpdepyMm-I,これからも頑張って欲しい、応援してる！！😭
9dpdepyMm-I,"すんごい無責任なこと言うんですけど、はあちゃまなら出来るよ。いい景色をファンに見せてあげることも出来るよ。今はまだそれが来てないだけでさ。絶対にはあちゃまの番がくるから。神様は見てるから。
自分のこともファンのことも大切に自分のペースで前に進んでね。"
9dpdepyMm-I,ホロ花火ライブで初めて長い時間観てました。そして今回。率直な感想はもっと早くはあちゃまを知るべきだったと後悔してます。　とても素直な子で熱く感じました。こういう方をホロメンの中で応援したかったと反省してます。　次配信ライブを観た際は改めて挨拶したいと思います。頑張ってください、応援します！！！
9dpdepyMm-I,上澄みの悩みやな
9dpdepyMm-I,"残酷だけどこの世界って努力じゃどうしようもない部分が大きいと思うんだよね。。
だから他人と比較するのはやめてマイペースに進めたら良い"
9dpdepyMm-I,色々考えましたが励ましは他の方がたくさん言ってくれているので逆の部分のみ言います。自分は聞いていて現地に直接行って何かするって活動は最もVtuberが苦手な分野だよなぁって素直に感じました。やりたい事と出来る事に大きな乖離があるように感じます。諦めなくてはならない部分とここだけは譲れない部分を分ける必要があるんではないでしょうか。あとはホロライブが急成長している時期に受験と大学に通う、体調の問題で長期間休止など、巨大なハンデを背負ってしまったわけですから、数字的な面で劣るのは仕方がないというか受け入れるしかないと思います。だいぶ辛辣な事を書きましたが、もがき続けた先にはきっと明るい未来があるのだと思います、頑張って。
9dpdepyMm-I,"他のホロメンを推してる者です。
こんなに気持ちをむき出しに配信してるはあちゃまにすごくびっくりしました。
正直今まで見ていませんでした。
「悔しい！」って気持ちが自分の推し活の中にもあります。
推しの曲がすごく良いのに再生回らなかったり、同期や後からデビューしたホロメンがソロライブを成功させたり、その度におめでとうの気持ちと共に悔しい気持ちになります。
もっと箱企画に出た方が良いんじゃないか？とか自分が考えてもしょうがない事まで考えてます。
でも推しがやりたくない事を無理にやって欲しいとも思わないしのびのびやって欲しい。
その中で夢を掴んで欲しい。

はあとん達も同じように悔しくて一緒に悩んで応援してるんじゃないかと思います。
これからは私も応援しますね。"
9dpdepyMm-I,はあちゃまの作曲センスだいすきやで英語詞のメロディが心地ええんや
9dpdepyMm-I,"昔からはあちゃま見てるけど1番物事に対して試行錯誤してるイメージある
色んな事をやって自分探しをしてたどり着いた結果なら全力で応援していくのが普通なのよ
はあちゃまファイトだよ！✨
いつまでも見守ってる！"
9dpdepyMm-I,"でっかい飛行機乗せてもらいます
試行錯誤し続けるはあちゃまを尊敬してます"
9dpdepyMm-I,ホロライブははぁちゃまにとって呪いになってますよ。離れましょう。個人でチャレンジしている人はいるし、そういう人たちに対して劣ってると到底思えません。ちなみに私のヒーローは植村直己さんなんですよね。おじさんですいません。
9dpdepyMm-I,sending my love and support to you haachama!
9dpdepyMm-I,"ホロライブ初期から支え続けたはあちゃまが、まだこんなにも向上心を持っていることが嬉しい

これからは変わってしまったホロライブの知名度を最大限活かしてやろうよ"
9dpdepyMm-I,ガチイク！🐖🔫🗿
9dpdepyMm-I,卒業おめでとうございます😊
9dpdepyMm-I,もこうから来たけど全然共感できないな。興味ないからちゃんと見てないけど私周りと比べて人気なくて辛いの…泣…(でも1日で再生10万回ってます毎月数百万稼いでます)←みたいなの流石にうお
9dpdepyMm-I,"旅に使ってる時間を活動に使うべきなんじゃないですか
Vtuberとなんら関係のない実写の映像出して人気になろうは考え方が自分本位過ぎます
このようなお気持ち発表配信を何度かしてますがそれを自身の活動の改善に向けないのなら何度やっても同じです
人気になりたかったら人気になるための努力をしましょう"
9dpdepyMm-I,来たで
9dpdepyMm-I,"赤井はあとさんの生々しい葛藤がひしひしと伝わってきました、そしてそれでも前に進むはあとさんの姿勢や勇敢さに感動しました。
赤井はあとさんとしての過去を受け止めて、はあとさんが進もうとする未来を描く今、良いと思うこともそうでないと思ってしまうこともあるのかもしれません。
私はそのどちらともはあとさんだと思いましたし、赤井はあとさんにしか表現できない魅力だと感じました。"
9dpdepyMm-I,"人間誰でも悩みます。Vtuberだって悩みます。登録者が1000人いかず悩みます。150万人越えても悩みます。
むしろこうやって配信でブチ撒けるところにはあちゃまの良さがある。荒波だっていいじゃない。その個性に惹かれてみんな応援してるんだ。我が道に正解なんてありませんよ。"
9dpdepyMm-I,はあちゃまーちゃまー❤❤❤
9dpdepyMm-I,とあるvから泣き芸してると聞いて来ました
9dpdepyMm-I,なんて具体性のないことしか言わない人なんだ
9dpdepyMm-I,はあちゃま応援してるよ
9dpdepyMm-I,"ホロライブの看板があるから、無論、V界隈の中じゃトップ層だけど、この中だと下の方だもんな。
ホロがあまりにもレベル高すぎて、正直、キャラデザやらトーク力、企画とかが並、もしくは、それ以下に見えちゃうんだよな。要は働きアリの法則がバチバチに効いてる。
せっかくのホロ箱に所属してるんだから、その箱内でガンガンコラボして、まずは箱内のリスナーを獲得していけば良いのにそういうこともあんまりしないしさ。
ある意味行く末が楽しみです。"
9dpdepyMm-I,💪💪💪❤‍🔥
9dpdepyMm-I,強がってるっていうか、他人の意見は聞かねーって感じに聞こえるんだが
9dpdepyMm-I,若さって眩しいね
9dpdepyMm-I,はあちゃま本音トークありがとう！とにかく自分を信じて、好きなことやったらいいよ！それを応援している人は自分のファンだけじゃないってことに早く気づいてほしいかな！人に頼るのも努力が必要だよ！とにかく応援してる！
9dpdepyMm-I,"アイドルってこうやって数え切れない悲しみとか苦しみをあのキラキラした笑顔の足元に捨ててきてるんやと思う
だからこそキラキラしてるんやろな
すごいよ、ファンとして応援してます"
9dpdepyMm-I,"はぁちゃまはこれからも伸びるよ！
　　それだけ努力してるんだから！🎉"
9dpdepyMm-I,"負けないで立ち続けてほしい。
絶対に結果はあとからついてくるから。
すぐじゃないかもしれないし、望んだタイミングじゃないかもしれないし、いろいろ言われ続けるかもしれない。
だからつらいことのほうが多いかもしれない。
それでも、結果は絶対についてくるから、信じて前に出続けてほしい。"
9dpdepyMm-I,"私もやりたいこと、やってみたいことがたくさんあって結構悩んでて、いろんなことに挑戦して頑張っているはあちゃまが、どこか私と重なってしまうところがあります。
羨ましい気持ちと同時に応援したいっていう気持ちが本当に強くて、これからも無理はせずに、はあちゃまのやりたいことを発信していってほしいと思っています❤️‍🔥"
9dpdepyMm-I,見てる人はしっかりいる、大丈夫よ
9dpdepyMm-I,こんな甘ったれた痛い人に何千にも集まってるのに驚いた
9dpdepyMm-I,"芸術家肌で破天荒やし、一匹狼で良いやん。はあちゃま普通じゃないで😅
破天荒はあちゃま本当にお似合いよ。芸術家の評価は時間がかかる。はあちゃまの思うことをやるのが一番よ。
他の普通の人と同じことをやったら、息が詰まって暴れるでしょ😅"
9dpdepyMm-I,"何回もアーカイブ見てはみっともなく泣いてるシーンで笑ってる
ヘラが伝染るからみこちに近寄るなよ"
9dpdepyMm-I,"自己評価が高いんだか、低いんだか😂
ダンス動画も始まったばかり。努力を継続すればファンも増えるかもね。
はぁちゃまはすぐ興味がアチコチ行ってアチコチ飛んでくからねー。結果はなかなか付いて来ないけど、はあちゃまの引き出し増えてけばあと5年後ぐらいにより面白人間になってファン増えくかもね。😂"
9dpdepyMm-I,"まず、自身のストレス発散のために
はあちゃまをけなしてる奴らのコメントなんて気にしなくて良し！
どうせ実生活でも、ロクな生活できてないしょうもない奴ら。

はあちゃま推しでもない、ただの箱推しだけど、はあちゃまが動いてる時って、後輩と仲良くなろうとか、旅動画だったり、英語配信だったり、
何かしらテーマをもって活動してるのが凄く伝わってます！
間違いなく赤井はあとという存在は
いい意味で異質だよ。
悩んで結構！！足掻いて結構！
活動してる範囲は違うけれど、我々も日々色々なことに頭を悩まして生きてるぜ！"
9dpdepyMm-I,進化するには脱皮するしかないっピ
9dpdepyMm-I,"Haachama works very hard, deeply cares about others, tries new things, sets new trends, brings down barriers that others are afraid of doing, is creative and imaginative, funny, makes great stories, and so many more things. I love Haachama's style and personality. She's a trailblazer forging her own path, uniquely being herself. She's one of the greatest treasures we've ever had, leaving long-lasting impressions. Haachama is ahead of her time, but she loves and wants to connect to others so much that she keeps her jet waiting for others to join her. The direction she chooses and what she wants to do, I'd love to support her. It's been a blessing to know her. Love you, Haachama!"
9dpdepyMm-I,最近はぁちゃまオススメに出るようになって3Dで踊ってるショート動画とか自分が推してる人に負けないくらい本気でかわいい。って思ってるし正直今になって気になってきてる。
9dpdepyMm-I,"悔しいから成長できる
ここでまあいっかで終わらないってことはまだまだやりたいことがあるってことだよ
泣きたいとき泣いて、吐き出したいときに全部吐き出しだしちゃおう"
9dpdepyMm-I,"無責任なことは言えないけど頑張りすぎなんじゃないかな…
上を見たらキリがないけど、やりたいことをあれもこれもではなく目の前のことを1つずつやっていくだけで良いと思うよ。
無理せず身体は大事にね。
いつも応援してます😊"
9dpdepyMm-I,"若過ぎるんだよな。
若者に必要なのは深刻な挫折かも知れねぇな、成功しか知らないとそれこそ歪んじゃうからな…。
まだまだ苦しみは続くだろうがそれを楽しめるようなれば転機になるだろう。"
9dpdepyMm-I,"Only the strongest could open up like this. You are a very special individual. I love your travel videos and the lovely writing you use to share photos. It shows us how you see the world and it's always very interesting. You worked very hard on your latest songs and are always interacting closely with your fans 
I'm rooting for your big success, girl."
9dpdepyMm-I,"people love you for you being you.
Don't change for the haters, they don't change.

Love you~"
9dpdepyMm-I,とりあえずみこちとコラボしよう😊
9dpdepyMm-I,"自身の活動について
ガチ泣きされていたので
ほんとにリスナーが大切であり
大好きなんだろなあと思わされる放送でした
はあとさんはホロライブで唯一無二のすごい存在だと思ってます

僕らはいつでも話し相手になり
愚痴も聞くので
溜めこまずに吐き出してください"
9dpdepyMm-I,You are wonderfully creative. Some of your songs are among my favorites in Hololive. Don't be too hard on yourself when success on YouTube especially can be so arbitrary.
9dpdepyMm-I,"オーストラリアで学業と配信両立してきただけで十分すぎるほど頑張っているでしょ
最近のVlogもおもろいしこれからも千変万化するはあちゃまの活躍を期待してます"
9dpdepyMm-I,"Haachama! As an overseas viewer it is hard for me to catch all of your streams, and even when I do I don't always understand them, but I enjoy your streams and watching you have fun! I love seeing your posts on twitter with your thoughts and your travels! Stay strong, we are all here to support you!"
9dpdepyMm-I,"気にしないふりしてても、同僚の活躍は近くで見てるから自然と比較しちゃって溜まっていきますよね
私もフォトグラファーやってるので、同じカメラマンたちの作品を観ると羨ましくてたまらない時があります。
私からしたらはあちゃまさんの発信力、羨ましくてたまりません私には無いものです。
私も旅は好きなので、はあちゃまさんが旅に振ったのは嬉しかったです。
旅しないと溜まるのは私と同じですね笑

リアルイベント、写真で個展されるとしたら先ずは小さい箱ではぁちゃまさんがご自身の作品をご説明してくれるような体験型の個展、会話ができるような個展面白そうと思いました。

大丈夫ですよ
はあちゃまの生き様はかっこいいです"
9dpdepyMm-I,vtuberのファンみんな優しいな
9dpdepyMm-I,"今の感情や自分の夢を全力で語る姿が愛おしすぎて全部見てしまった…
いい配信をありがとう、また来ます"
9dpdepyMm-I,登録者158万人👈うおw
9dpdepyMm-I,「悔しいから、まだ終われない」←ほんまに強い人やなって思った。応援する
9dpdepyMm-I,素人意見だが見た目が他のキャラクターに比べて古い？感じがするな
9dpdepyMm-I,"まやかしの数字に踊らされてる哀れな奴
人前で泣き喚くとか一般人レベルやん
所詮、本物のプロになれない凡人
仲良しこよしのあまちゃん共に囲まれてたら一生変わらんわ"
9dpdepyMm-I,"大人って何だろうって難しいね。
個人的には周りが大人にしてくれる、認定してくれるものかなって思うよ。
年齢を重ねるだけじゃ大人になれないもんね。
誰しもが通る自分だけの力で成し遂げたいって気持ちを大事にしつつやりたい事をやり切って欲しい！
ダメな時は周りに頼ったらいいよ！
そこら辺うまくやるのも大人なのかも。"
9dpdepyMm-I,"何時もホロメン達の配信で元気を貰っています

はあちゃまの元気な声や感情豊かな表情などすごく好きです
これからも陰ながら応援しているので頑張ってください"
9dpdepyMm-I,"JPのホロメンって、JP同士のコラボが多いから、はぁちゃまは英語出来る強味を活かして、ENやID勢とのコラボ枠を増やしてみるってのはどうだろうか。
日本の箱推し勢も、実はENやIDのホロメンの配信も見たいんだけど、言葉が分からないから、コラボの時とか切り抜きしか見ないって人、けっこう居ると思うんだよね。
キアラも似たような悩み抱えてたし。
自分の枠で日本語使うと英語圏のリスナーから色々言われ、日本語使わないようにすると日本人が配信見に来てくれなくて、って。"
9dpdepyMm-I,We all matter!
9dpdepyMm-I,"はあちゃまレベルでこの内容。他Vに対する煽りだよなぁ。

東大入ってて成績がほかの人より低いって言ってるようなものやん"
9dpdepyMm-I,はぁちゃまならきっと「半径0mの世界」を変えられるよ！
9dpdepyMm-I,これはディスでも肯定でも無く、この、自身の気持ちを発することを配信をする勇気を持った彼女をだれが責めようか。バカにしようものか。同じ境遇の配信者にはとてつもない勇気になったし、見てるはあとんにはもっと思ってることを声にしなきゃ、とか、とっくに”変化”は起きてるんじゃないかなと思う。
9dpdepyMm-I,はあちゃまの歌もダンス夫婦共々大好きです！これからも応援してるよ
9dpdepyMm-I,"推しはちゃうが端から見てるぶんにはこの子誇張ではなく天才だと思う
ただ湧き出てくるイメージにリソースがついてきてない感じ
もったいな"
9dpdepyMm-I,V豚からの貢物が少ないらしいぞ‼️お前らもっと貢げ❗
9dpdepyMm-I,"ぼくたちが思ってるだけなのが良くないのかもしれない
面白くって声も見た目も可愛いくって言葉選びに奥ゆかしさがあって発想が天才的でこんな正直でかっこ良い配信が出来てカリスマ性に溢れてるはあちゃまが大好きだってことを伝えていかなきゃいけないのではないだろうか
要するに大好き"
9dpdepyMm-I,アーカイブの再生数少なw
9dpdepyMm-I,真紅のベヘリットを捧げるんだ…
9dpdepyMm-I,"ROM専ホロリスです。
はあとさんの旅動画や英会話の配信がとても大好きです。
なんかもっとこういう好きをたくさん伝えていかないといけない気がしました。"
9dpdepyMm-I,"コメント欄がはぁちゃまの愛で溢れてる。
魅力的ですよ。凄く。"
9dpdepyMm-I,先月のライブではじめてちゃんと知って登録したよ！
9dpdepyMm-I,"普段ROM専ですが。悩めるはーちゃまに感動しました。若くて熱いココロっていうのは魂にきていいですね。
昔は一番輝いていたことを知っているので、今は無数の選択に迷って旅をしているだけだとおもいます。
間違ってもいい。ファンと一緒に頑張ってくださいね。"
9dpdepyMm-I,"18:14 号泣開始
自分用"
9dpdepyMm-I,"色々言いたい気持ちにはなったけどとりあえず。

既に頑張ってるだろうけどこれからも頑張れ！頑張って頑張って頑張って疲れたらいっぱい休んで！末永く活動してほしい。楽しく生きてくれたらいいな。"
9dpdepyMm-I,"壊れてしまうのかと心配しました

ただ占いの
「おおきな飛行機」は
めちゃくちゃあってる

ワイらをたくさん乗っけて
はぁちゃまの
行きたいところ
ワイらが見たことない景色
見せてくれるんや

最高速度になったとき
どれだけ凄いことになるか
楽しみです"
9dpdepyMm-I,"カオスを愛そうぜ。
で、ぶち壊そうぜ。
そんで、見返してやろうぜ。全部。
出来る、あんたなら出来る。"
9dpdepyMm-I,自然体のはあちゃまは素敵ですね。ファンの方々もあったかい。
9dpdepyMm-I,最近ホロライブでみた配信の中で一番心に響く良い配信でした。そして、これだけの熱量がある人なんだと初めて知った。今までの印象はどこか幼さが残るクソガキ。いまいちキャラクターのつかみどころがなく何を考えてるか分からい不思議っ子。それがこれだけの長い期間の活動を通して環境が目まぐるしく変わる中、成長や苦悩を経験して少しずつ大人になっていく、他人の成長に焦って嫉妬したり、自分の立ち位置に不安を感じて焦りを感じたりしてる。先輩だからと普段はそういう面は見せないようにしてるのだろう。だけど本当は誰よりも負けず嫌いで人間臭い子なんだなと初めて知った。赤井はあとの名前がしっくりハマってますよ。自分の持ってる情熱をもっと口に出して、自分や他人の心を紅く燃やすようなそんな存在にもなれるのではないでしょうか？きっと出来ますよ。
9dpdepyMm-I,まず自分がどうしたいか周りとたくさん話したほうが良い。1人で考えるよりたくさんの人と話して方向性についてはあちゃまの魅力を語るほうが目標が早く見つかるはず！俺らもみんな頑張ってるよ、頑張らないで生きてる人なんて居ないから気後れすることはない！たくさん楽しいことやろう👍ファンはそれが見たい
9dpdepyMm-I,登録者158万人の化け物（アイドル）がなんか嘆いておる、どうしろうと
9dpdepyMm-I,"40:28
コメントだけだといろんな憶測や妄想が飛び交ってるから見るなら初めの一時間は見てほしいな
また後半や普段の配信から分かるけど彼女は読書とかもたくさんしてて凄く博識だよ"
9dpdepyMm-I,"旅配信も歌枠もゲーム配信も楽しく観させもらっています。苦しさや辛さは同じ経験をした人しか助けることはできませんが、永井均　先生の「子どものための哲学対話」から引用をさせていただきます。「自身が深くて重い苦しみを味わったことがあるなら、それとおなじ種類の苦しみを味わっている人だけ、きみは救うことができる可能性ある。」　お時間あれば是非読んでみてください。
１リスナーとして応援しております。"
9dpdepyMm-I,"最近、はあちゃまの魅力に気づいて配信追いかけてます！
悔しかったり悩むということは前に進んでるという証拠ですね！
これからも応援してます！"
9dpdepyMm-I,正直そんなに時間ないから配信とか追ってないけどはあちゃま大好きだよ
9dpdepyMm-I,はあちゃまの声が大好きで、asmrとか何回も聞いてます！最近だとRPGのダンス動画ではあちゃまの事がもっと好きになりました。どんなはあちゃまでもずっと応援します！
9dpdepyMm-I,"はあちゃまってしっかりアーティストだなって思った。
良いプレッシャー貰ったようで何より。応援してます。"
9dpdepyMm-I,"留学してた頃から見てるけどど頑張ってるのはかなり伝わる
応援しています！"
9dpdepyMm-I,"俺は最近のダンスショート路線好きやで。
あと赤井はあと時代も好きよ。
一回開き直って、今の自分とは違う軸に立って
俯瞰して物事を見るようにしたら肩から力が抜けて楽になると思うよ。"
9dpdepyMm-I,"秒でワイのコメント消されてて草😂
モデレーターくん仕事すんなや😂🎉🎉🎉
運営くんが消しに来るって事は運営にとって都合の悪いコメントらしいから、ちゃまはモデが消したコメントを読んどくんやで😂🎉🎉🎉🎉(🐰によると配信者はモデが消したコメント読めるらしいやん😂🎉🎉🎉)"
9dpdepyMm-I,"メン限にせずに一般公開でアーカイブ見せてくれてありがとう
はあちゃまほんまに応援してる
最強になったはあちゃまを見せてくれ"
9dpdepyMm-I,この配信見てもっとはあちゃまが好きになりました！
9dpdepyMm-I,はあちゃまが旅した場所が賑わっていくっていう構想……マジで素敵やと思った！！！！自分もはあちゃまに影響受けて旅行とか行ってみた身だから、みんなに行ってみて欲しいんだよなぁ。普段、ネットや配信で味わうものとは違う感動があった。多くの人と共にこの感情を共有出来たら素敵や！
9dpdepyMm-I,"今まではあちゃまのことは切り抜きだったり周年でしか見る機会がなかったけど、アーカイブを見てこれだけ本気で悩んで頑張っているあなたに夢を叶えて欲しいと思いました。
僕も誰かの心を動かすくらい努力のできる人になろうと思いました。
あなたの頑張りを見届けてさせていただきます。"
9dpdepyMm-I,挑戦は気楽に。応援しています。
9dpdepyMm-I,偶然この動画に出会い、目が離せず最後まで見ました。天真爛漫と思っていたはあちゃまの心の叫び、心に刺さりました。でも最後は天真爛漫で安心しました。全国旅レポも良し、スターダムを駆け上がるも良し、のんびりするのも良し、はあちゃまが楽しいことを全力で楽しんでください。社内外問わず仲間や知人をたくさん増やし、大事にしてくださいね。今更ですが・・応援しています。
9dpdepyMm-I,"かわいいところも心に熱い思いを持っているところも好きです。
転んでもその度に立ち上がれる強さを持っているはあちゃまを尊敬してます。
これからも応援しますね！"
9dpdepyMm-I,"あなたにはあなたにしか持っていないものがあります。
世界中のどこを探しても持っていない良さや魅力があります。
決して自分を見失わないでこれからも頑張ってください…"
9dpdepyMm-I,"アーカイブで見ました。
今のはあちゃまに魅力を感じてるし注目もしてるし応援してる！"
9dpdepyMm-I,配信も大事だけどライブはその時しか行けないからたくさん見た方が良い。もうちょっとマイペースにやれたら良いね。
9dpdepyMm-I,たまには泣いてもええのよ
9dpdepyMm-I,ただ胸が痛い
9dpdepyMm-I,"こういう真面目な人なんだって知って貰えるし切り抜き禁止にしなくても良かったんじゃないかな。
やってる本人が楽しめば良い動画になってそれを評価してくれる人も増えるだろうからあんまり根を詰め過ぎずに元気にやってください"
9dpdepyMm-I,悔しさで泣ける人はもっと上に行ける。生き急ぐ焦燥感だけが人間を前に進ませる。でも、その前に、あなたにいつも笑顔でいてほしいと願っている人たちがこんなにも大勢いることをどうか忘れないで。真剣に生きるあなたを尊敬します。今日は美味しいもの食べて、お風呂はいって寝ちゃおう！
9dpdepyMm-I,"なんでもかんでも一気にできるわけないので、
やりたいことに優先度をつけて順番にやっていけばいいのだ"
9dpdepyMm-I,"いつも尊死するほどのめちゃくちゃ可愛いダンスショートに超元気もらってるから、そのお返しのつもりですが、ちょっとでもはあちゃまが元気になれたら幸いです。

言われなくても分かってるはずだけど、その悔しさ、是非バネにしてください。

それだけ悔しさを感じれるのは素晴らしい長所だと思います。

きっとリスナーやはあちゃまも予想できないような輝かしい未来が待っていると、私は心の底から信じています。"
9dpdepyMm-I,"自分のペースで納得のいくパフォーマンスが出来ればいいと思います！
これからも無理せず自分にとってのベストが尽くせるよう頑張ってください😊"
9dpdepyMm-I,"ヤバいクッキングとか二重人格とかダンスのキレ味だけしか知らなかった。ダンスは最近のショートから「凄えな！？この子！！キレがレベチや！」って思って見始めた。
この配信見て、はあちゃまの今の葛藤や努力しても微細な結果（僕からしたら凄い結果）しか出てない配信者としての苦悩が見えて人間味を感じて好きになりました。
７年も配信活動をして悔しい想いや辛い想いを抱えててもファンの為に笑顔で配信してるはあちゃまは凄く素敵だと思えました。
傷付いても前に進んでいるはあちゃまに結果が沢山出て幸せになってほしい。本日から推させて頂きます。

写真展楽しみにしてます。"
9dpdepyMm-I,"ちょっとハマったかも
楽しい配信だった！"
9dpdepyMm-I,"はあちゃま
曲作ろ！！！
この思いをぶつける曲を！！！"
9dpdepyMm-I,"はあちゃまにひと言だけ言っておく


『へんちゃいうさぎ』


の動画だけは絶対観るなよ！絶対だぞ！"
9dpdepyMm-I,例えが完璧ではないけども、加藤一二三九段の忍耐強さと通ずるものを感じる。カオスの根っこには「続ける力」がある。だからこそ信じて欲しい。
9dpdepyMm-I,はあちゃまを応援するのみです✨飾らない姿が素敵😌
9dpdepyMm-I,はあちゃま大好きだよー！
9dpdepyMm-I,"僕はこの配信を見て、今やってる事を再度、頑張ろうと思えました！
はあちゃまには力があると思います！頑張って✨"
9dpdepyMm-I,"とても応援したいと思わされたのでチャンネル登録しました
以前からshortも目に止まって見ていました。
絶対に諦めず、目標を叶えて欲しいです。
ずっと応援させてください"
9dpdepyMm-I,"分かった分かった😂
個展開きたいなら色々工夫しよう
カバー的に個展とグッズ程度じゃ売上が渋いからNGだしてんねん

ちゃまは文才はある訳やから、なろうサイトで”異世界転生Vは写真で成り上がる“的な冒険小説を書いてバズって出版社を巻き込むんや😂
出版社が絡んできたら一般化(笑)を目指す谷郷が採算度外視でGOサインを出すやろうから😂
ついでに小説や写真集が出版社から出るならプロモーションとして写真展ぐらいやれるやろ😂🎉🎉🎉🎉

そんなの無理？出来ない？？ならワガママ言うな諦めろ😂

※なろうサイトで小説を書くぐらいコストもかからない訳やから、それに対してカバーがゴチャゴチャうるさかったから事務所を辞めな😂
そんな事務所なんか居ても意味ないよ😂😂😂(若いやつから辞めていく組織なんてオワコンやし、現に若い子から続々と辞めていってる訳やしな😂 小説の内容に対してゴチャゴチャうるさかったり、特定の誰か目立つように出せ等々うるさい場合も辞めてやれ😂カバーは二、三年内の内製3Dライブや企画を観れば分かるけど一部のライブを除いてクリエーター集団としての才能は終わってるしな😂才能ないやつらは黙って金だけ出せばええねん😂収益等々を天秤にかけてOKとNGだけの判断をしてればええねん😂)

あっ、ちなみにこの配信を観てない無責任リスナーから戯言だから無視してOKよん😂(ホロリスは無責任に”休んでええんやで”って言って配信者が本当に休止したら一斉に消える程度の存在やからな😂)

あと最近のソロライブのリアイベ連打は売上高のかさ増しの為のヤツだろうから写真展等々で最悪収益が出なくても売上が伸ばせるならOKでるだろうから頑張れ😂🎉🎉🎉(売上高が一応伸びてるから株価が停滞で済んでる訳やし😂伸び悩みから二期で暴落確定やろうから役員は売上高増加の為なら採算度外視で色々やりたいと思ってるはずやで😂売上が落ちたら株価暴落から他社からTOB待ったなしやろうしな😂役員も一部入れ替えで現経営陣の好き放題出来なくなるし😂ワイ的にはTOBくらって役員の入れ替えは必須やと思ってるけど😂マーケットの人間はホロリスみたいに忖度しないから😂)"
9dpdepyMm-I,"はあちゃまが元気な姿が見られるだけで嬉しいよ〜
その時やりたいと思ったことをやればええんやで！！応援しています🎉🎉🎉"
9dpdepyMm-I,"IN LIFE YOU WILL MEET TWO KINDS OF PEOPLE. ONES WHO BUILD YOU UP, AND ONES WHO TEAR YOU DOWN.

BUT IN THE END, YOU WILL THANK THEM BOTH.

（人生では2種類の人に出会うでしょう。あなたを高めてくれる人と、あなたを傷つける人です。
しかし、最終的には、どちらにも感謝することになるでしょう）

インド人のお友だちからもらった言葉です
はあとちゃん🫶"
9dpdepyMm-I,"気持ちを吐き出すのって勇気がいると思う。
はあちゃまの気持ちが聞けて嬉しかった。

はあちゃま好きよ。
今のはあちゃまなら夢を叶えられると思う。"
9dpdepyMm-I,"「はあちゃま」が強過ぎた分、今の状況に納得行かなかったり、色々積もる事があると思うけど、今やってる努力がいつかきっと報われる時が来るから、今の自分を信じて頑張ってください！！
今日の魂の叫びを聞いて、自分は心掴まれたよ！！"
9dpdepyMm-I,"とにかく、Red Heart や Who 2 のような、自分の人気曲をもっと歌うことから始めましょう。
自分の曲も歌わずに、いつも他人の曲ばかり歌っていたら、どうやって前に進めますか？たとえステージを与えられたとしても、輝くことはできません。"
9dpdepyMm-I,はあちゃま、２年前ぐらいにファンになったばっかだけど大好きだぜ
9dpdepyMm-I,17:38  トレンド入りさせたいってアピールや頑張りが入った当初にあった気がする　試行錯誤して他のホロメンも空回りもしてる時期あったと思うよ
9dpdepyMm-I,正直配信で吐き出した結果前向いてくれんなら幾らでも吐き出してほしいと思うのがファン冥利に尽きるってかんじだよね
9dpdepyMm-I,泣き芸
9dpdepyMm-I,オーストラリアから見ている人です。いつもはあちゃまからいっぱい元気をもらってます。ずっと応援します！
9dpdepyMm-I,はあちゃま頑張れ！応援してます！
9dpdepyMm-I,"今までもこれからもいろんな顔があって、いろんな一面があって、ひとりの人間の味を感じるんだけど、今も十分美味しいと思う。
ただもっと美味しくなろうとする所は応援したいです。どんな一面も好きです。昔も今も、たぶん明日からも。
途中、コメントに受け答えしてるのが楽しそうで、そんなところもとても好き。

旅したくなったら、宮城県にも来てください。喫茶ビジュウとか季節によっては宝石みたいなケーキあるんで是非。"
9dpdepyMm-I,"ASMR➕エ◯の話もあったけど、そうよ！まだ自身の考え方や在り方は、はあちゃまも理解しているように成長途中なのよ！（今でさせ凄いんだけどね💦）
はあちゃま含めてホロメン皆強者揃いなので、あんまり周りを気にしちゃう。。。けど気にする必要なし！💪考えたり迷ったりぶつかったりして、色々試行錯誤して一歩一歩歩んでいけばいいのよ！今のはあちゃまは既にそれが出来てると思います❤  ゆっくりでいい。焦らなくていい。はあちゃまの今後に期待してます😊😊😊"
9dpdepyMm-I,"はぁちゃまって成長コンテンツだから見てて楽しい。
どんどんはあちゃまが変わっていくの面白い。むしろ過去に固執せずどんどん変わってほしい"
9dpdepyMm-I,普段何も努力してない自分の無力さに恥ずかしくなる動画やったわ😢
9dpdepyMm-I,"ファンは全く少なく無いと思う。
応援してくれている皆は本当の最後までついてきてくれるよ。
本人ももっと上に行きたい、自分の願いを叶えたいって考えているから。
足りないものが何か解らないけど足掻き続けることができるから。
自己分析も含め常に自分をブラッシュアップさせてるから。
だから泣いても良いし、皆んなに気持ちをぶつけても良いし、それができるyoutubeだし、 Vtuberだから。
心配しなくてもそういう奴は上に行くよ。
知ってる。"
9dpdepyMm-I,はあちゃまは唯一無二なんだぜ！
9dpdepyMm-I,強さだけじゃなくて弱さも着飾らずに見せてくれるから、はあちゃまは魅力的なのだと思う
9dpdepyMm-I,"全てを見てるわけじゃないけど
ショートの旅動画とか見やすくてええやん！
踊ってみたも歌みたも料理も
エンタメ感、ライブ感素敵や！

努力が実を結ぶとは限らん、理想が高いのかも知れん
いっぱい悩んで、挑戦して
がむしゃらな姿、見せて魅せて！
負けるな！ちゃま！

ファン想いでええ人や！
あかいはあと、ROCKで熱いぞ！"
9dpdepyMm-I,"最近、はあちゃまの旅動画を観るようになって癒されています
はあちゃまがしたいことをぜひ突き詰めていってほしいです、楽しみにしています！"
9dpdepyMm-I,"ロールプレイングゲームの踊ってみたから興味出て最近よく見てるよ
ショートの踊ってみたも毎回楽しみにしてる
拙いFAにも良いねくれたり最近上げたやつにはリプまで貰ってめちゃめちゃ嬉しかった
最近のはぁちゃましか知らないけど凄い頑張ってると思う
納得いく結果が出せてないかもしれないけど応援してくれてる人も寄り添ってくれる人も近くにいるよ
頑張ったり立ち止まったり無理のないペースで進んでいってほしい"
9dpdepyMm-I,"ちゃまは、何かを成し遂げるには、「自分の力」だけがあれば、
すべて解決できると思っているのかい？

人の力には「実力」「名声」「人脈」などがあるけれど、
ちゃまに大きく欠けているのは「人脈」。

ライブをしたいから、ファンを増やすというのは間違いだし、会社任せではダメ。

ライブをしたいなら、バンドの知り合いは、いるのかい？
ライブ会場を手配し、貸してくれるような知り合いはいるのかい？

「ホロライブからの仕事があるから、ライブをする」のではなく、
「赤井はあと」だから、ライブしたいと、バンドからオファーがあるくらいではないと、
協奏のライブにならないぜ。
8年の歴史は重い。手を挙げる奴らは、信じられないくらい多いだろうよｗ
まずは、外堀を埋めろってやつだ。

はあちゃまは、多くの人が望んでも、望んでも手に入れらない「名声」という、
最強の武器を持っている。
運営、はあちゃまが思っている以上の「力」だぜ！


ライブを本気でしたいなら、「写真集」を売って、資金を稼ぎ実力を証明しろ！

そして、ファンミ＆ライブ開催企画を実費でやればいいじゃないか。

ライブ演奏企画、作曲企画など、色々できる。
そして「写真集」をひっさげて、東京、大阪くらいで500人規模のライブなら、必ずできる。

数千、数万人規模を目指していくなら、先行「予約」で、万人を目指せ。
ちゃまのファンは、ワールドワイドだぜ！"
9dpdepyMm-I,若いのに色々考えてて凄い、思い詰めないで欲しいです
9dpdepyMm-I,"配信みたよ！負けんじゃねー！　はあちゃまの心意気充分伝わった！　応援する！「100人いたら100人に理解されようとしなくたって良い｡ まずはたった1人でも自分を理解し　応援してくれる人を大切に」　

そうやって自分の活動増やしてけば　おのずと結果はついてくるさ｡

他の人がやってない配信もやってたりしてるし　はあちゃまははあちゃましかない魅力あるよ👍　
慌てずに自分のペースで！"
9dpdepyMm-I,這い上がれ！はあちゃま！多分あなた、いろんなスキルが高いから迷走してるのよ。
9dpdepyMm-I,"はあちゃま旅が好きだったら、旅先でご当地Vtuberとコラボ動画とかやってみてほしい！
ご当地Vの動画を旅行のモチベ上げに見ることあるんだけど、メジャーなところもマイナーなところも知れて結構行きたくなるんだよね
はあちゃまを介して色んな旅行先を発見できたら楽しそうだ"
9dpdepyMm-I,"I will always support Haachama!At first I thought Haachama was really interesting, but as time went on, Haachama's creativity and hard work attracted me.I've collected all the products I can get without realizing it."
9dpdepyMm-I,"自分が失った誠実さとか一生懸命さを思い出させられます
悩みは多いかもしれないけど確実にリスナーの支えになっているって知ってほしい"
9dpdepyMm-I,今高校野球を辞めようか悩んでる自分にとってなんか感じるものがありました。上手くいかないときもあるし、簡単なプレーもできない自分に腹が立つし、チームに迷惑かけてるし、辞めたくなりましたが、この配信を見て、すごい長い時間ホロライブで頑張ったはあちゃまを見てたった1年野球しただけの自分がこんなことで悩んだらダメだなと思いました。やっぱり人に劣ることはあるけど、自分にしかできないこともあるので、そこを極めて夏の大会でスタメンを勝ち取りたいです。最後にはあちゃま大好きだよ❤
9dpdepyMm-I,"サンボマスターのライブ動画でも見てんじゃないかってくらい熱い動画で良かった。
マジで「できっこないをやらなくちゃ」って感じ。
コメント欄も「世界はそれを愛と呼ぶんだぜ」って感じ。
悲しみで花が咲くものか！夢を叫べ！！！"
9dpdepyMm-I,ホロライブ自体、ジークアクス以降から知った人間ですが、はあとさんのダンスショートは毎日見るぐらい気に入っています。今日の配信の感情の発露はロックな感じで良かったです。また見に来ます。
9dpdepyMm-I,"はあちゃまを心から応援してるよ。
全部が輝いてるよ。
配信をみてると自分もがんばろうって思う。
ココ会長がホロに来たのは、はあちゃまが魅力的だからよ。
普段の配信こそが、がんばってるって事だと思う。
積み重なってるしファンも増えてるよ。
無理しすぎないでね。これからも応援してるからね。"
9dpdepyMm-I,"復帰後からアーカイブROM専で見ています。
時代と共に視聴者もはあちゃまも変化進歩するも思います。
着眼点やはあちゃまでしか得られない栄養があります。
言葉足らずですが、応援しています。"
9dpdepyMm-I,とてもよい魂の叫びですな
9dpdepyMm-I,"ちゃまはもっと強みの英語系配信とかしてみたらどうかなとずっと思ってた。

まあ本人が好きなことやるのが一番だけど。"
9dpdepyMm-I,"自分の持ってる武器で戦って結果を出す。
それを箱推し文化のホロでやるのは修羅の道だと思うけど、
今のはあちゃまのスタイルが1番好きと思ってます。
悔しさから逃げがちな私には眩しさを感じさせる配信でした。"
9dpdepyMm-I,TOKYOドーム10DAYS即売り切れるさホロなら
9dpdepyMm-I,人の反応や意見を聞きすぎ、気にしすぎる。自分が振り回されて何がしたいかわからない状態。あなたの人生はあなただけが好きに出来る。そんな姿を見たい人だけに見せる。全員に好かれようなどおこがましい。世界の三分の一はあなたを好きになり、三分の一は出会わないか興味がない。残りは嫌いの中で割り切って好きなことだけを続けていくのが大事。嫌いなものは自分の部分から削いで、残った好きなことで世界の三分の一を感動させよう。
9dpdepyMm-I,全部吐き出してしまえ！ここにいる人たちはみんな味方だから！ってコメントした奴がメンバーじゃないのマジで笑った
9dpdepyMm-I,ホロライブというデカい箱でどうしても数字が見えるから、本当に大変なんだなって思う
9dpdepyMm-I,"ナンバーワンよりオンリーワン。
唯一無二って最強じゃん😁"
9dpdepyMm-I,"ダンスレッスン
ボイトレ
その他もろもろ
その中でファンとの交流の為の配信だったり色々僕たちの想像を絶する苦労もある中ではあとんさん達の為に頑張ってるはあちゃまを僕たちはほんとに尊敬します。
これからも応援してます。
いつも僕たちに元気を与えてくれてありがとう！"
9dpdepyMm-I,"はじめまして、春頃よりタイミングよくお勧めで見かけたら拝見させていただく、ということを繰り返している者です。

150万人以上ものファンがいらっしゃるのですから、ファンを増やさずともはあとさんが主役のリアルライブコンサートは開催する道がどこかにあると私は思います。
「人気が足りない」」という言葉は、200万人、300万人ファンがいらっしゃる方と同じことをする前提から出てきた言葉だと思うのです。
だから、今のファン数にあった規模、今のファン数にあった方法を探してみてはいかがでしょうか？

売り上げ見込みが既にソロライブをされた方より少ないのであれば、それでも利益が出るように支出を抑えればよいのではないでしょうか？

例えば、
・今のファン数にあった収容人数の箱を選ばれてはいかがでしょうか？
　箱が小さくなれば、その分会場費と人件費は抑えられます。

・ライブ衣装を制作しない、または何かのお祝いで得た権利をライブのために使うのは如何でしょうか？
　新衣装が1着でも多く欲しくなるお気持ちは分かるのですが、1着諦めてライブ開催できるとしたら、考える価値はあるかと。

・現世に顕現するための設備をホログラムから大画面モニターにするのは如何でしょうか？
　見た目はだいぶ見劣りしますが、チャンネル登録者10万人未満の方がソロライブできることを考えると費用はかなり抑えられると思われます。
　歌唱や会場にいるファンの空気管を感じながらのパフォーマンスに重きを置けるなら、思い切ってみてもいいかもしれません。

・ステージを小さくしては如何でしょうか？
　ステージが小さくなれば、その分ホログラムの機器も小さくできます。
　ホログラムのリース代がサイズに比例するなら、小さな行動範囲でも魅せる方法を探す価値があるかと。

・ステージサイドモニタの為に、映像を作らないのは如何でしょうか？
　武道館以上の箱となるとステージサイドにモニタを置きたくなり、
　モニタを置くとライブパフォーマンスに合わせた新しい映像を作りたくなると思います。
　それでも、ステージサイドモニタの一番の目的は「ステージから遠いお客さんにもアーティストがよく見えるようにすること」です。
　吊るし席と同じ映像を流すだけでも、この目的は達成できます。
　現地参戦のだいご味はプロが監修した確かな音やアーティストや他のファンと作り上げる現地ならではの空気感だと私は思っております。
　中には「現地に行ったけど遠くのモニターで吊るし席とおんなじ映像を見てただけだった。」という方もいらっしゃるとは思いますけど、
　コール＆レスポンスやペンライトorタオル振りを呼び掛けて、ライブに参加してもらい一体感を味わってもらえれば、そういう声も上がりにくくなると思います。

・ツーマンライブやスリーマンライブは如何でしょうか？
　いわゆる対バンです。
　ソロライブではなくなりますが、トリを務めるメインアクトは紛れもなく主役です。
　アンコールでみんなで共演は熱い展開です。
　私がゲストのファンだった場合、ソロライブのゲストよりも対バンのゲストの方が足を運びたくなります。

・オケをバンドサウンドではなく、録音にしては如何でしょうか？
　ライブ感という観点でバンドサウンドが優れていそうな気はしますが、
　（私が若いころは）特にリアルアイドルの方は録音オケだったり、オケどころか全部録音で口パクで踊るだけだったりとかしました。
　拘らないなら録音して人件費も練習時間を抑える道もあるかと。

ただの音楽好きではこのくらいですが、内情を知っている運営さんやマネージャーさん、ホロメンさんならもっとアイデアが出せると思います。
みんなで出したアイデア一つ一つに対し、はあとさんがやりたいこと、譲れるもの・譲れないものを見極めて、優先順位をつけることで、
是非はあとさんが主役のライブ開催を手繰り寄せてください。
応援しております。


最後に運営さんに向けて
　小規模のリアルコンサートも開催できるようになれば、タレントさんは早期に活動の幅を広げることができるようになりますし、
　利益を上げつつリアルコンサートがしたいタレントさんのモチベーションを保ちやすくなります。
　それはカバーさんにとってとても有益なことだと私は思います。
　是非はあとさんの夢の実現にご協力ください。
（本当の大人は、自分のやりたいことをやるために、波風立てずにうまいこと相手を協力する気にさせられる人のことだと思います。なお私はできません。）

以上、長文失礼しました。
いつも通りすがりのファンより"
9dpdepyMm-I,とりあえず一旦パーティしたら？
9dpdepyMm-I,チャンネル登録してなくたって、ROM専だって、リアタイじゃなくたって、本編を観てるリスナーは居るんだよな。飛躍の前にはしゃがむ事だってあるだろう。長く続けていることって凄い事。みんなと違う事をやるって凄いことだよ。休んだ後の復帰配信だって嬉しいだろう。そういう事なんだよ。自信もっていこうよ。
9dpdepyMm-I,"はぁちゃま、スバルんちでパーティーしようぜ！凸でw
もっと周りを頼ろうぜ、はあちゃまはひとりじゃない。ホロ仲間がたくさんおる😊"
9dpdepyMm-I,応援してるから頑張って
9dpdepyMm-I,"はあちゃまは既に素晴らしいです。
自分をもう少し認めてあげて下さい^^
そんなはあちゃま、そのままのはあちゃまを応援しています^^"
9dpdepyMm-I,IGPXってアニメを見てくれ。自分の立ち位置を固定しない&トップカテゴリーとはを感じてほしい。
9dpdepyMm-I,はぁちゃまの企画とかも尖ってるし、オリジナリティがあるから僕は凄い好きやけどなぁ。吐き出して少しでも楽になれるならどんどん吐き出してほしい。
9dpdepyMm-I,格好の良い淑女になりたいのならオードリー・ヘプバーンとココ・シャネルの生き方を参考にして、どうぞ
9dpdepyMm-I,寝坊じゃないからええやん。色々頑張っているのはわかってるし。３５Ｐだが推しが上手くいかないときの気持ちわかる。
9dpdepyMm-I,Haachama. Thank you for being honest and true to your feelings. You have the most unique and creative stream ideas in Hololive. You've been such an inspiration to many for always working hard and doing your best despite all obstacles you face. Everyone can see how hard you've worked all these years. Haachama is the strongest idol after all. I really hope you get all the support you need from management and your friends.
9dpdepyMm-I,"業界トップ企業で裾野が広いので同僚だけと比較しちゃダメですよー。動画のエンタメ性と対象視聴層を広げることだけを考えてくださいまし。たれんとでびじねすうーまんなんやで。
私の経験ですが、いつもチャットを無差別に読んでくれるのは、ここ５年ぐらいではあちゃま以外いなかったですよ。だから私も静かに視聴させてもらうことになりました。人間性など頑張って見せる必要ないです、見てる人のほとんどに自然と伝わるので。知らない人にもわかるエンタメを見せるのが大事だと思います。頭はいいのだから戦略的に、これはどこかに正解があるビジネスなのだと考えて、挑戦し、広く世の中を楽しませていきましょうよ。大きな事を実現可能な範囲で考えられるという時点で、今の状況というのは信じられないほど恵まれていますよ。
この動画そのものはアイデンティ確立への葛藤を赤裸々にみせるということで、まあ、視聴後疲れちゃいますが、私ではない別の人生をキチンを見せていただいている感じで、いいかなぁ。"
9dpdepyMm-I,"成果が見えてこないとなんか違ったのかなとか悩むよね､､､
みんな同じよ🫶

小さな目標を、どんなことでも良いから決めて、そしてどんなことでも良いから自分を褒めてあげて✨実績解除！みたいなねw

はあとんはいつだってそばにいるけど、1番ちゃまのことを理解してるのはちゃまなんだから☺️
泣きたい時は一緒に泣くくらいしかできないけど、いつかあの時はね、なんてみんなで笑おうね❤️‍🔥"
9dpdepyMm-I,これ、カッコいいな…
9dpdepyMm-I,はあとさんは凄いよぉ…ずっと勇気を貰っていますよ。
9dpdepyMm-I,"先日、6thフェスアフター上映でwho2を見てカッコいい・痺れると感じました！会場も大盛り上がりでした！はあちゃまには間違いなく人を感動させる力があるアイドルです！

悩む・落ち込むのは向上心があるからだと思います。運営さんの発言は糧に、心無いノイズは無視して行きましょう^ ^"
9dpdepyMm-I,"I cannot count how you, Haachama A.K.A. Akai Haato, touched my life in so many ways. How you made me happier and stronger to face the harshness of life. You are one of the reasons I keep fighting on the challenges I have as an adult. Because of you, I keep trying. I keep doing my best for my dream. Thank you Haachama "
9dpdepyMm-I,はぁちゃまの事がとても愛おしくなる配信だったね😌できれば笑顔でいて欲しいけど、今回はそのための感情全部出す配信だったよね！
9dpdepyMm-I,"うーん…。配信やらショートとか見てると、ポテンシャルは高水準なのは間違いない。
多才すぎて別の意味でセルフプロデュースが出来ない感じなのかね？
もしくはなりたい自分への思いが強すぎるのか…。
ファン数って意味なら海外やらもっと厳しいからね。
残酷な物言いになっちゃうけど、運営を納得させるだけのメリットをプレゼンができないのが原因な気がする。

今は理想を実現させるための行程を客観視できるようになってきているから、
自身でも言っているようにあとは世間のイメージ払拭や時勢を読めるかかなぁ・・・。"
9dpdepyMm-I,登録が多い3期とコラボしよう、絡んでいこう
9dpdepyMm-I,はあちゃまはホロ1エネルギーがある子だとは思ってる
9dpdepyMm-I,自分ははぁちゃまのアーティスティックなところが好き。マイクラ建築が神ってる所が好き。キレッキレのダンスも好き。ホロメンには色んな人がいるから比べちゃうかもしれないけど、はぁちゃまにははぁちゃまの良さがあるから自信を持って欲しいな。
9dpdepyMm-I,"赤井はぁとカッコいいよ！！
真剣に必死に取組んでるからこそ悔しいんだよね…
名案とかないですが自分ははぁちゃまの配信好きです！！これからも応援してます！"
9dpdepyMm-I,大切なのは立ち止まらないこと。
9dpdepyMm-I,"ホロライブのしかも１期生って看板を背負っているのってどれ程のプレッシャーと戦いながら日々生きているんだろう…。
自分では推し測れないけど、すごい大変な事はわかります。だから、応援しています！"
9dpdepyMm-I,はあとさんの姿、声、見られる事が幸せなのです。すごい事しなくても、それでも配信がある事がうれしい。
9dpdepyMm-I,不器用な若さ、眩しいね😊
9dpdepyMm-I,はあちゃまの配信いつも楽しく見てますこれからも応援してます！
9dpdepyMm-I,赤井さんは人間臭くてとても好きです😊死に様を語るなんてロックすぎるだろ笑
9dpdepyMm-I,"夢への道は1つじゃなくて脇道行っても必ずとは言えないけどどこかへ繋がると思う
道がなければリスナー巻き込んで　一緒に茨道に突っ込んて作ろうや。
嫉妬や渇望してないとここまでの感情ってなかなか出ないし
まとめてしまえば強欲（？）なのかな？最高じゃん"
9dpdepyMm-I,いろいろやっていこうぜ
9dpdepyMm-I,"私は5年ほど前にはあちゃまと出会って初めてできたホロライブの推しでした。
私がはあちゃまに惹かれた理由はまず声が可愛いのと、笑い声が上品な子だなという印象でした。
動画を見るとはっちゃけた子なのかな？というのが表面上のはあちゃまなんだけど、配信をずっと追っていると誰よりも努力家で真面目な子なんだなというのがわかり一層好きになりました。
いろんなことがあってホロライブ全体を最近は見ていない中、はあちゃまの旅行動画とはあちゃまのポストの文章が好きで見ていました。
はあちゃまの芯は変わらない真面目で努力家な子なんだなというのが今回の配信で再度伝わりました。
はあちゃま大好きだよ〜。はあちゃまが写真展したら絶対行くからね。"
9dpdepyMm-I,"はあちゃまは極度の完璧主義なんだよな
理想が高すぎる部分があるのだと思う
それは一見良いことに見えるけど、ミスに過度に落ち込んだり周囲からの期待に応えられているのか不安になったりする部分があるんじゃないかな
熱しやすく冷めやすいのもそのせいなのかなって思う
だから目標を継続にした方がいいと思うんだよね
もちろん結果が求められる世界だけど、結果だけを気にしてたら今後も同じことを繰り返すことになるよ"
9dpdepyMm-I,"色々伝えたいことはあるのですが、一つだけ、私のものではないですが、この言葉を送ります。「何かを成そうとすれば、必ずそれを善しとする者と、悪しとする者がいるでしょう。
されど、それぞれの立場に立って、ものを見ることができれば、各々が拠り所とする正しさも見えてきましょう。
そして･･････悲しい事ですが、それら全ての者達の望みを満たす道が、常にそなたの前に有るとは限りません･･････。
その時そなたは、何に拠って決断し、どの様な道を彼の者達に指し示すのか･･････。
その時、もしそなたに迷いがあったなら、原点を顧みる事･･････立ち止まる勇気を持つのです。」"
9dpdepyMm-I,これからも応援してますぞー♥️
9dpdepyMm-I,これからも微力ながら応援してます
9dpdepyMm-I,"僕ははあちゃまの色々な面をみてファンになりました。
頑張ってるところ、喜んでいるところ、楽しそうにしているところ、悔しくて泣いてるところも。
そんなはあちゃまが好きだから、これからも応援し続けます！！
配信お疲れさまでした"
9dpdepyMm-I,はあちゃまかっこいいよ、主人公だよ……
9dpdepyMm-I,"はあとちゃんの心遣いだったり優しさ、
人間味に溢れているところがとてもすきです

一緒に夢をみたい、応援し続けたい！と思わせてくれる
はあとちゃんはすごい人だよ！！"
9dpdepyMm-I,"はぁちゃまカブで旅に出ないか?
俺は下道で大阪から東京まで下道で旅したけど楽しかったぞ。"
9dpdepyMm-I,"赤井さんなら大丈夫
いつもありがとう"
9dpdepyMm-I,ほんの少しだけだとしても、俺たちに気持ちを吐き出してくれて良かった、俺達はいつでもはあちゃまの味方！福岡いい街なので是非！ 1:07:41
9dpdepyMm-I,まだ１時間分しか見れてないけど、なんだかJOJO５部の『覚悟』の話を思い出した
9dpdepyMm-I,お前ら　優しいな
9dpdepyMm-I,"泥臭い叫び良かったですわ！
はあちゃまは個性的で色々考えてるのも伝わってきて魅力も感じる！最近のLIVEもめちゃ良かった！
リスナー目線から一言
独自路線も大切！個性も必要。ただいわいる良くある皆んなやってる配信も大切かなと思います
今いるホロライブを活かせ！
なんつって素人が失礼しました、応援してます"
9dpdepyMm-I,"はあちゃま頑張る必要ないよ
まだ若いんだから気楽に行こう😉今を楽しんでね"
9dpdepyMm-I,旅を楽しむだけじゃなくて、旅先をいろんな人に知ってもらいたいって気持ちは実際に地元に来てくれてないとしても嬉しいです。割と近い所には来てくれているのでありがとう。配信とは違った場所で頑張ってくれているのは伝わったのでアーカイブは残しませんぐらいの愚痴はいつでも言ってください。陰ながら応援しています。
9dpdepyMm-I,ちゃまの色んな考えが聞けてさらに好きになりました！
9dpdepyMm-I,パーティー参加しないから...
9dpdepyMm-I,本音を吐き出して最後は笑顔。エネルギーに満ち溢れてるはあちゃまホントすき…
9dpdepyMm-I,"はちゃまの感性は本物だと思う
大丈夫　バックアップは万全だ"
9dpdepyMm-I,ありのままのあなたが好きです。
9dpdepyMm-I,競うな 持ち味をイカせッッ
9dpdepyMm-I,"何をしても歯車が噛み合わなくて、うまくいかない時ってあるしなぁ…😓
色々と試行錯誤して、それが逆に負のスパイラルに陥るって事もあるんだよね。

はあちゃまがみこちに贈った曲、とても良い曲やし、マイクラでの建築技術はめっちゃ凄いと思うし…はあちゃまのいい所なんていっぱいあるけど、うまく噛み合ってないんだろうね😥

たまには本音をぶちまけるのも良いんじゃないかなぁ😃

はあちゃま、スバル誘ってパーティしようぜ！
ホロメンにも悩みぶちまけて…気持ちをスッキリさせようよ😊"
9dpdepyMm-I,つらかったですね。でも、はあとさんのやってきた努力は無駄じゃないと思います。失敗してきた経験も次のチャンスにつなげられると思います。はあとさんにあるのは結果だけじゃないからいろんな応援とか影響があるからもっとやれると思います。悔しいと思った経験も次につながるきっかけだから、はあとさんはこれから世界を変えていくのだと思います。
9dpdepyMm-I,何のライブをみたのですか？
9dpdepyMm-I,よう言うた！それでこそ男や！
9dpdepyMm-I,"おつルージュ時代は見てたけど、はあちゃま時代から
見てない😂"
9dpdepyMm-I,"旅行が好きで自由に写真上げてるだけって
はぁちゃまは思うかもしれんけど
実際それは凄い事よ

どんだけ人気があっても行動の一歩目はためらうし
中々実行出来る物ではない

旅系のVtuberもいい事よ
リスナーからしたら遠い存在のVが
旅行の写真見るだけで身近に感じれるし
「近所や」「今度行ってみよ」とか
感じれるのは嬉しいこと
はぁちゃまが誰かの第一歩になってるはず

遠くに感じる話やけど
昔はぁちゃまがかなココとコラボしてたとき
会長が「はぁちゃまが言葉の壁を壊して世界を繋げたことで活動してみたいと思った」
って言ってたし

はぁちゃまはホロライブの可能性を広げた才能人
すでに誰かの憧れになってるアイドル

はぁちゃまはこのままでいい
道に迷うくらいなら自分で道を作れ
そうすれば一生迷子にならん

運営になんと言われようと
はぁちゃまの存在は輝きを失ってない"
9dpdepyMm-I,"はあちゃまが頑張ってるのは、はあとん達みんなわかってんだ
歌もダンスも英語も動画編集も地力がどんどんついていくのが目に見えてわかるんだから。前は都市伝説と思われてた女性はあとんだって増えてるんだ。格好良いじゃんか成長し続けるベテラン、挑戦し続けるベテランなんてさ。生き様はロック、立ち居振る舞いは素敵なレディって最高だと思うよ!そして自分ははあとんとして紳士な振る舞いを心がけながらこれからもはあちゃまを応援しますよ!"
9dpdepyMm-I,"本音トーク

実ははあちゃまのライブの切り抜きが
ホロライブを知るきっかけで
さらにここ１年程は配信でも楽しませて頂いていて、とても感謝しています

燃えているハートが推しマークだけど、とても似合うなと思ったりして

眩しすぎて羨ましく思えてしまうぐらいだった時期もあったりで
刺激をもらって自分も色々挑戦的に過ごせている気がします

箱推しで、なんとなく見ることが増えていったところから
徐々に一番応援してる存在になりました

狂人と語られることも多いけど、
天真爛漫という表現の方が、しっくり来る気がするんだよな
デビュー半年記念とか2019とかのアーカイブを見ても
いい意味で今も変わらない人間的な魅力があるように思うし

そういうところが推せる
もっと知りたいなっていう魅力は個人的に一番感じてる

上手くは言えないけど、応援してるので"
9dpdepyMm-I,"赤井はあとさんを
偶然流れてきたショートで数日前に知りました。
まだまだ全然はあとさんの事は
分かりませんが、この配信を見て応援しようと思いました！！
がんばれー！！(^^)"
9dpdepyMm-I,We kagainiki stand strong behind Haachama. 
9dpdepyMm-I,26:07 あのう～この先輩あかんこと言う！はあちゃまが一人旅やレッスンや編集など、色々忙しいのに、もっと配信すればいいんって・・・自分がそう求めてるだけじゃん？はあちゃまのこと全然考えてくれない・・・
9dpdepyMm-I,70才ぐらいになっても配信し続けて地球を元気にして欲しいよ
9dpdepyMm-I,壁が高いならぶち壊せ
9dpdepyMm-I,always supporting haachama!
9dpdepyMm-I,サムネスゲー吸引力w
9dpdepyMm-I,"いっぱい吐き出したらいいと思います！
応援してますよ😊"
9dpdepyMm-I,4:22 配信開始
9dpdepyMm-I,"アーカイブで観ました。

ちゃまの気持ちをいっぱい聞かせてくれてありがとう！
自分が思っている以上に、深くまで考え、行動しているのを知って、改めてちゃまの凄さに胸うたれました…！
もうすでにいっぱい頑張ってる ちゃまに言えることなんて何もなくて、只々はあとんの一人としてちゃまの活動を見守っています。

ちゃまの笑顔が大好き
いつもステキな時間をくれてありがとん！
どんな時でも応援してるからね〜！"
9dpdepyMm-I,すきやで
9dpdepyMm-I,"はぁちゃまがライブ見て思った事
私達リスナーはホロライブのメンバーに対していつも思ってる事だよねぇ😊
気付いてないかもしれないけど人生の分岐点には何回もなってると思うよ✨
応援してるゼ‼︎はぁちゃま‼︎"
9dpdepyMm-I,"最近赤井はあとさんを見始めました
歌枠とshortのダンスをよく見ています
昔がどうだったかは知りませんが、今のはあとさんはすごく好感が持てます
活動を続けていくと苦しいこともあるかと思いますが、続けてくれると嬉しいです
応援しています"
9dpdepyMm-I,"ライブで良いもの見せられちゃったんだな。
他の同業者が輝いて見えて、自分が今立ってる場所を見ちゃうの分かる。
でも自分がもっと成長するには嫉妬は絶対不可欠なんですよね。
それらのいろんな感情を自分の推進力に変えて飛ぶしかないんですよね。"
9dpdepyMm-I,我が道を行く、魅力は人それぞれです。誰かと比べたらそこまでしか扉は開きません、現実の世界だってもがいても開かない扉はあります。それでも挑みつづける人々はたくさんいます、苦しいときや辛いとき誰かを頼る強さも必要です。
9dpdepyMm-I,"はあちゃまは向上心の塊なんだな
それがリスナーの為だってのもまたかっこいい

そのせいで悩んじゃう事もあるだろうけど、はあちゃまの配信は間違いなく俺たちの力になってるよ"
9dpdepyMm-I,"Love ya, Haachama."
9dpdepyMm-I,はあちゃま、成長してるんだなぁとしみじみ感じる。本音で戦うのも大事だもん
9dpdepyMm-I,いきなりこれ見ても何の話かわかんない
9dpdepyMm-I,ホームランが打てないことのジレンマかな
9dpdepyMm-I,"ゆめみたちゃんはアイドルっていうよりガールズバンドだと思うけど、ここまで心を動かされるライブっていいね。

こうやって本音でぶつかる配信も、あっていいと思うんだ。想いが伝わってきた。

叶えたい夢や目標が、叶いますように"
9dpdepyMm-I,"proud of you Haachama, its a prove you are getting mature and stronger."
9dpdepyMm-I,"やめないでくれよ
プレッシャーはあると思うが新しいコンテンツを探していこう一つでも特化した特技があればそれが君を活かすよ"
9dpdepyMm-I,"自分ははあちゃまの建築技術や色彩のセンスがホロ１番だと実感してます。個展を建造物と併せて…例えばジブリパークの様なものは実現出来ないのでしょうか？
芸術は一つじゃない…自分はずっと考えちゃってます。"
9dpdepyMm-I,興味ある動画がありましたのでチャンネル登録しました。期待してます。
9dpdepyMm-I,"情熱と人間味あふれるいい配信でした。心揺れました。
最近のはあちゃま、前にも増して好きです。自分はあまり遠出出来る身体ではなく、はあちゃまの旅や風景のお写真。文章。いつも楽しみにしてます。元気もらってます。
ライブも物語性とメッセージ性がとても刺さり、歌もダンスも大好きです。

大きな飛行機の話、私も言われたことがあります。
大きな飛行機は飛び立つのに時間がかかる。でも、大きな飛行機はどんな物よりたくさん運び、大きく高く飛び、そして長くどこまでも遠くへ行く。
はあちゃまが更に大人なレディになって、大きく飛び立つ姿見れるように私も頑張ります。
いつも頑張ってくれてありがとう。"
9dpdepyMm-I,"はぁちゃまって本当に真面目な子なんだなぁって思ったよ‼️
今更だけどチャンネル登録しました‼️
これからしっかり応援します‼️"
9dpdepyMm-I,"なんか力になりたいけど生憎ワイは配信見たり金落とすしか能がないねんな。
ワイみたいな底辺モブから見たら、はあちゃまはキラキラしてて住む世界の違う人やけどな。
配信遅れて文句言われるのも良く捉えれば期待の裏返しで、そんだけはあちゃまを求めてたって事だし。
誰かのライブを見て「自分も！」って思えるのは心のどっかで自分の力を分かってて、挑戦心・向上心・野心がある証だし。
とっくに自分に見切りをつけて枯れたワイには無い良いモンをはあちゃまは持ってる。
まぁ周りに凄い人が多いと上ばっか見て焦ったりする気持ちもあるだろうけど、下にはもっと沢山ワイみたいなのが居るからね。
""上を向いて歩こう""なんて歌にもあるけど、上ばかり見てたら首も痛くなって疲れんねん。
たまにゃ下を見て楽しても良いと思うけどね。"
9dpdepyMm-I,はあちゃまの思いを聞き胸が張り裂ける思いでした…私は何年も前からはあちゃまのことを知っていたけど、実際にはあちゃまの配信を見始めたのはラジオ英会話からで最近の話です。それからラジオ英会話以外にもはあちゃまの配信を見るようになったのは、はあちゃまの頑張りを感じたからです。旅企画も生誕ライブもショート動画も本当に魅力がいっぱいです。はあちゃまが言っていた「私が行った旅行先にファンの人が行ってそこが賑わうきっかけになってほしい」という目標は本当に素敵だと思います。正直に言うと、はあちゃまの全ての配信を追うことはできないと思います。それでも、これからもはあちゃまの応援し続けるよ！
9dpdepyMm-I,😿
9dpdepyMm-I,前半は心配したけど最後は元気になって良かった　溜め込み過ぎると本当に壊れちゃうから壊れる前にちゃんと吐き出してね。　これからも応援してます！
9dpdepyMm-I,"ギャン泣きワロタ😂
ドサ回りアイドル良いじゃん👍"
9dpdepyMm-I,"コメント欄、優しい言葉もあれば長文で正直な指摘をする人もいるけど
大半のコメントは真剣に考えてどんな言葉をはあちゃまにかけようか考えた結果なのは分かる"
9dpdepyMm-I,"推し外から、失礼します
ヒゲダン、Cry   Baby
ヒゲダン、ホワイトノイズ
曲の気分はね、、、"
9dpdepyMm-I,"この数年のはあちゃまの活動と成長をいちリスナーとして見守ってきました
こうやって気持ちを話してくれるのも唯一無二の魅力だと思います
ずっと応援しています"
9dpdepyMm-I,？？？「一旦、パーティーか…🤔」
9dpdepyMm-I,数字を得てからできる事と数字を取らなければいけない事がごっちゃになってるのかもですなぁ
9dpdepyMm-I,"頼むはあちゃま、自由でいてくれ。それが最大の魅力なんや。
あとコメ欄見てると的外れな意見を言う人ほど言葉が強かったり、断定的で高圧的な物言いをしてるけど、そういう人たちは自分のコメを客観視できていない時点でその程度の観察力の持ち主ってことが明白なので気にしなくて大丈夫です。（ネガティブなコメでも相手の気持ちに寄り添って言葉を選んで話している人は別として）
それにもっとコラボしろってコメがちょくちょくあるけど、最近の配信だけでいっても、後輩ともENとも同期とも外箱ともコラボしてて、他チャンネル（最近だとらでんちゃん）の枠でもしていて、ワードウルフみたいに自分で企画して集めたりもしていて、、色濃い独自の世界観を持ちながら、ここまで交流にも積極的なホロメンはそういないです。それでもそんなコメントが出てくるってのは、それだけリスナーの分母がでかい（ちゃんと見れずにコメする人がそれだけいるほどファンの数が多い）ってことだから、これも気にしないでおっけー。"
9dpdepyMm-I,"はぁちゃま･･･真面目やね･･･
いらない助言様なものはスルーで良いと思う"
9dpdepyMm-I,泣くだけ泣いて😭凹んだら。後は笑顔で、這い上がるだけ😁👍
9dpdepyMm-I,"私は折れてしまった人間なので、
自分の事を悔しいと思えるはあちゃまのことはとても眩しくとっても素敵だと思います。
自分ももう少し頑張ってみたくなりました。"
9dpdepyMm-I,"常に目標高く頑張ってるのがすごいと思ってます。
でも少し力抜いて地道にコツコツでもいいのかなと。いつも応援しています。"
9dpdepyMm-I,"最近の旅人ちゃまも面白くて好きよ

Xのリプも切り抜きのコメント欄も下のほうは…まあ…見ないほうがいいよね"
9dpdepyMm-I,"すべてを推し量ることはできないのがとても悔しくなりますが、
報われない焦燥や徒労感など、思いは届いています。
自分がお伝えしたいのは、はあちゃまのやっていることは決して無駄ではない！ということです！
自分は復帰後からはあちゃまを見始めた新規のリスナーでお恥ずかしいのですが、
過去の狂気キャラや英語配信などから当初よりとても賢い方なんだなぁという認識をもっておりましたが
そしてさらに雑談を聞いて、はあちゃまの物事への感性にすごく共感して好きになったのを覚えております。
はあちゃまのしたいこと×リスナーの望むこと、いいバランスが見つかり、心より楽しんで活動できることを願っています。
今のはあちゃまとても大好きです！"
9dpdepyMm-I,"はぁちゃまは才能溢れてるしバイリンガルだったりでエリートと思ってしまいがちだけど
こういう「普通の」女の子の一面もあるんだよって知ると守ってあげたくなるし応援しちゃうよね"
9dpdepyMm-I,"はあちゃま、配信で泣きたくない、泣いてる切り抜きは嫌だって言うけどさ・・・１年前にさ、はあちゃまが、会長の卒業で泣いてる切り抜きを見てなかったら、はあとんにならなかったかもｗ。
はあちゃまを知ったきっかけは、ゼータちゃんにFishitをツイートしてすごい笑ってたｗ、でもその切り抜きを見る前に配信見る予定はなかった。その切り抜きを見て、るーちゃんの卒業後のマイクラの切り抜きも見て、あ、やっぱはあちゃまは表でいつもふざけてばっかりだけど、心の中にとってもいい子だなって思ったの。その後でアーカイブちゃんと見てて、去年の９月にやった壺おじの配信は見て、大好きになったｗ。

泣いてる切り抜きは嫌だとわかってる、勘違いする人多いし、嬉し泣きしても勘違いするはあとん多いよねｗｗ
ただ伝えたかった、その泣いてる切り抜きを見てて、会長のこと大好きだったなってわかって、はあとんになったの。その配信からの切り抜きもチャンネルに載せてるｗ、アニメーションの。

ちなみに、そのライブを見てて、この感動させられる力あるのか？って・・・あるよ！はあとんだから言ってるんじゃなくて、別な意味でその切り抜きで感動した、それとも、はあちゃまの重い話とかでカラオケのエモさとかで、旅の写真で感動したこと何度もある！

長々コメントごめんね、気づくのかわからないけど・・・はあちゃま、ずっと応援してるよ！大好きだよ。（アーカイブまだ見終わってないままで書いたから、なんか気づいてなかったらごめんね、これから見るｗ）"
9dpdepyMm-I,はあちゃまは一生悩みまくる性分なのかなと思います。良い悪いではなく個性として付き合っていけたらいいですね。
9dpdepyMm-I,はあちゃま好きだけど、終始子供に癇癪に感じてしまったわ。
9dpdepyMm-I,ここまで全力で頑張ってきてそれでもまだ上を目指し続けて悔しいと言えるはあちゃまはかっこいいよ…
9dpdepyMm-I,最近のXへの旅投稿楽しみにしている一人です。いつもありがとうございます♪
9dpdepyMm-I,"こないだのマイクラの企画のはあちゃま、とってもおもしろかったんだから！

魂の叫び、伝わりました！

（余談ですが可能なら、はあちゃまところさんのコラボが見てみたいです。）"
9dpdepyMm-I,"どんな『赤井はあと』でも『はあちゃま』も自分にとっては応援してよかったってずっと思ってます。
これからの活動もちろん応援してます。
それと、許可…ありがとうございます。"
9dpdepyMm-I,"To me you are a true OG. I love your passion and creativity. I want to see more of what you love. Whenever I am on twitter and see your travel posts I am always amazed at your photography and lately it has sparked an urge to use my own camera more. I want to thank you from the bottom of my heart. My big red heart. ❤

You are and will forever be, to me, Hololive's strongest idol."
9dpdepyMm-I,"はあちゃま本音を語ってくれてありがとう。
勝手な意見だけど、今の配信者は楽しそう感が最重要だと思ってるよ。
途中ちゃまも言及してたけど、もっとみんなと絡むターンを増やしてみるのもいいかもね。
個人的にはちゃまが元気で配信してくれているだけで嬉しいよ。"
9dpdepyMm-I,"絶対にはあちゃまの幸せになる姿が見たいです。
アンチや無神経な言葉が目立つのしょうがないですが、見下している人たちを見極め、大事にしたい人達を大事に出来れば素敵と思います。
【これが達成したら誇れる】を達成したら超かっこいいと思います！！理解者も増えるではないかを。
日本語拙いのでご容赦を。
We know your BIG RED HEART"
9dpdepyMm-I,"初コメかつ最近メン限(豚箱VIP)に入らさせて頂きました。
はあちゃま
ならではの陽気なテンションと旅という共通の趣味、ライブ配信で列車の車内を用いるセンス等
自分にとって好きな要素が盛り込まれているからこそ
ホロメンの中で唯一推せるな〜て思ってます❤"
9dpdepyMm-I,"ええんやで、泣きたい時に泣いても。
そんな真面目に好きなことやってる君が好きやねんって❤"
9dpdepyMm-I,はあちゃまって圧倒的に説明足りてない。作った枠消す時も、配信休むときも、配信の間隔が空くときも。とにかく説明足りてない。
9dpdepyMm-I,"はあちゃまが努力してるのみんな伝わってるし悔しい気持ちもわかる！
その気持ちを力に変えてがんばってほしい！😊"
9dpdepyMm-I,"たしかに今のVは大衆化・一般化の流れに傾いてきている、それは事実
しかしながら、大衆に受け入れられるよう無理な努力をしなくてもいいと思うんですよ、自分のやりたいことを押し出して、推してくれてる人に幸せを届けられるなら、配信者として満点なのではないでしょうか"
9dpdepyMm-I,"はあちゃま偽るな持ち味を活かせ、自分が登録したのは何年も前だけどその頃のはあちゃまははじけてた
ホロの事情は一般人には解らんけど頼れる人間は頼って行こう"
9dpdepyMm-I,"無理をしないで頑張ってほしい。
今まで試行錯誤して色々やっている中、長いだけに焦る気持ちもわかるけど、仕事に対しても自分にもとても厳しくて向上心もあるのも伝わるよ
はあとさんも頑張ってるよ、報われる報われないは運営の押し方だったり運もかなり左右されるので変な不祥事だけ気を付けて活動して行ってください

人によって意見は別れますが思っている本心をちゃんと配慮しながら上手に言葉に乗せて伝える事が出来る人だと思いました
貴方は決して他人を傷つけない人なのも皆が理解しています
今後もこういう場はお互いに必要だと思います、私は聞けて嬉しかったし共感しました。貴方が吐露して少しでもスッキリ出来るのならぶつけてください
自分には頑張っている人は報われてほしい中の一人にはあとさんは入っています。"
9dpdepyMm-I,"努力が報われない辛さ、誰もが経験してると思うし痛いほど分かる
人生は一度きりだし、もう少し肩の力を抜いてもいいのでは？
個人的には深夜の雑談マイクラ配信が大好きだったので、また見たいです"
9dpdepyMm-I,楽しい配信に人は集まる、これが全てだと思うぞ・・・はあちゃま好きで応援してるけどこの配信は最後まで観れんかったわ
9dpdepyMm-I,"前に進もうと色々なことにチャレンジして、でも思い描いた通りにはまだ実らなくて、でもそれでも前に進むとはっきり口にするはあとさんは素敵な人です。
でも時にははあとさんの考えとは違うコメントをされる人もいて、あったかいコメントだけ見てそれを無視したっていいけどそのコメントにそうじゃない！って
向き合って自分の考えを力いっぱい伝えて、それでその人たちもはあとさんの魅力に気付いて好きになってくれたら素晴らしいなって、
そしてはあとさんのことが大好きなはあとん、ホロリスの人たちはもっともっとはあとさんのことが好きになる、そんな配信だったって思います！"
9dpdepyMm-I,We are with you
9dpdepyMm-I,give up to be strongest idol? i am disappointed
9dpdepyMm-I,配信は初めて見ました。とんでもなく苦しい時って傷の埋め合わせをするように大きな事を言ったり、やろうとしたりする事良く分かります。抱えている仕事や責務を捨てられるのなら楽でしょうが、貴女は多分おいそれとそれは出来ない立場でしょう。休憩と休養だけはしっかりと確保して自然体になるまで落ち着いたら小さな一歩をまた踏んで行って下さい。
9dpdepyMm-I,"僕はもう年齢的にははあとさんと比べれば2世代くらいは違うおじいちゃんだけどもね、貴方は高い向上心と創意工夫を重ねられてる素晴らしい方だと存じております。
Vtuberはキャラクターじゃなくて生き物である。
生き物だから変化はある。これは改めて視聴者が思い直さなければならないことです。
貴方は回り道も迷い道も多くあるでしょう、うまくいかなくて悔しいでしょう。
しかしそれが考えることができるのは迷わなければ気が付けない感情です。よくぞ気づかれました。
ただ今はほんの少しその若さより心の成熟が早くなり足並みが揃っておられないでしょうな。

飛行機の例えもありましたがはあとさんはロケットに憧れた飛行機と見えます。
そうロケットはいいですよ、何せあっと言う間に宇宙まで飛んでいきますから。
ですが貴方は飛行機なのでしょう？ロケットと何が違って何がいいのか見つめてみなさい。
もしどこの国に行っても迷い、どの景色を見ても悩むなら１度禅を組み説法を聞いてごらんなさい。
歳より臭く寺や教会はバーチャルとは縁遠いと感じるでしょうがはあとさんが生き物であるならば古来より万人が持った心を導いた言葉に耳を傾けるとよいかもしれません。
・・・なんだか怪しげな勧誘みたいになりましたので年寄りの長話はこの辺にいたしましょう。
最後にこんな言葉もありましたね「お手てのシワとシワを合わせて幸せ」
祈りも合掌も手を合わせるに変わりはありませんし案外あなたの求めるものは手を伸ばして探すものではないかもしれません。
貴方に合った導きがあるとよいですね。"
9dpdepyMm-I,"気持ちはわかるが見てて悲しいんじゃ...
もっかい旅に出よう
で、心が休まって気が晴れたらまた配信してくれや

個人的な意見として人と比べちゃうのはわかるけど、はあちゃまは上と比べすぎや上には上がいる
でももっと俯瞰してみてほしいけどはあちゃまはホロライブにいる時点でVTuberの中では上澄みやからここを忘れちゃダメよ（忘れてはないと思うけど）
向上心はいいことだけど、それに押しつぶされるくらいなら一回向上心を忘れてもいい
現時点で高いところにいるからあんま周りのこと気にしないで自分のペースで配信頑張ってほしい
十分気持ちは伝わってるから"
9dpdepyMm-I,"はあちゃまはずっと刺激的で楽しませてもらってます🤟
無理せずに自分のペースで活動してくれー！"
9dpdepyMm-I,"みこちの取扱説明書でも感じたけど、はあちゃまは頑張ってると思いました。思い通りに上手く行かない事はたくさんあるだろうけど、焦らず活動を続けて欲しいです。
表でたくさん話してくれた事、嬉しかったです。すごく身近に感じたし、リスナーとして見れない部分が見れて、何かほっとした気持ちにもなれました。
これからも応援してます！"
9dpdepyMm-I,ずっと応援してるよ！
9dpdepyMm-I,ようするに夢が大きいってことでしょ。
9dpdepyMm-I,"この配信は、伸びるよ、、、
人の心の叫びは、人の心を震わせる。
良い配信でした。"
9dpdepyMm-I,"同じ道を進む同士よ笑え、苦しくても進むしかない1人で。

それがなった時それが道になるのだから(孤高)🎃"
9dpdepyMm-I,"あがいて、もがいてるのが伝わるし、不本意なのも分かる
でもライトな層からすると「はあちゃまって何をしたい人で何で喜ぶ人なのか良く分からない」って言うのが本音
リスナーが何を求めるかより、はあちゃま本人が心から求めたり喜んだりする物事に共感してリスナーが集まってくるのが正しい姿だと思う
Vtuberとして既にこれだけ愛されてるんだから、自分が好きなこと、したいことをどれだけ楽しんで見せたり強く伝えられるかに掛かってるんじゃないかなあ"
9dpdepyMm-I,"アンチコメントは嫌でも目に付くと思いますけど、見て下さい、はあちゃまを応援してるコメントの方がたくさんあります。

大丈夫、はあちゃまは人気ないわけではないし嫌われてない。
たった数人のアンチのために158万人の登録者を見えなくなってしまってはいけない！
応援しています。"
9dpdepyMm-I,"あなたは、観た人の人生にたくさん影響を与えてると思います
今回を含めて何度も見返したくなる心に残る配信がいくつもあります！！
苦悩しながらも前向きに成長しようとする姿を、こうして見守って応援できて幸せです
"
9dpdepyMm-I,マジで誰でもいいからしっかり話せる友達を作ってくれ　見てて悲しい
9dpdepyMm-I,"ホロアースうまく使えば、ライブとかファンミーティングできると思うんだけど、そういうのではないのかな？
色々考えていくしかないね。頑張れ～。"
9dpdepyMm-I,はあちゃまがはあちゃまとして頑張りたいって言ってくれたことはほんとに嬉しかったよ。今はまだ辛くて苦しくて努力が全然報われないと思うかもしれないけど、きっとソロライブで、ワールドツアーで、大きな舞台に立った時にあの時の自分が居たから今ここに立っていられると思える日が来るはず！だから今はがむしゃらに色んなことに挑戦してみて欲しいな。はあちゃまのことずっと応援してるよ！
9dpdepyMm-I,はあちゃまが毎日すごく頑張ってるのみんなに伝わってるよ！凄く真剣に今や未来を考えている事も、思うような自分になれずヤキモキいている現状も、それでも腐らず日々こつこつ努力している事も。この配信ではあちゃまが今、一人で色々抱え込み過ぎている事が解り、とても心配です。一人で抱え込まず、周りの人やホロメンに相談する事もとても大切だと思います。はあちゃま、これからもずっと応援してるよ！Enjoy every day with a smile！
9dpdepyMm-I,"はあちゃまははあちゃまのままでいいと思います。私は箱推しですが好きになったメンバーもいれば登録を外したメンバーもいます。
でもはあちゃまだけはずっと追いかけています。人間味があるから好きですし苦しんでいる所などもあるでしょうけど一緒に楽しみたいと思います"
9dpdepyMm-I,38:00 ホロライブやめましょう、悲しいばっかりでしょう
9dpdepyMm-I,"何か変化を起こそうと思ったなら、他人の意見をスルーする必要が出てくるものだ。
変わるのは大変なことなんだから。（ポジティブな意見はいっぱい見よう）"
9dpdepyMm-I,"悩み惑いですら生きる事の若さからくる最高のエネルギーだからね
今のはあちゃまがどう捉えるかは分からないけど私からすればとても人生を謳歌しているはあちゃまが好きですよ
これからも変わらずに自分の人生に熱を持って活動してくれたら嬉しいなと思います、色んな事を楽しもう"
9dpdepyMm-I,成人になると虫が苦手な人が多いので、蜘蛛からキャラクターを見直して動物に切替えてイメージチェンジするのも手かも。
9dpdepyMm-I,"応援してくれるはあとんのために人気になって大きい事をやりたいというファン想いの精神は素晴らしいです。
ただ想いと行動が乖離してるという印象です。
色々挑戦する姿勢は良いのですが旅関係の動画はここまでやってバズる需要はないので止める判断も大事かと。
もちろん好きな人はいるだろうけど人気になるという目標に対しての結果は出ていないように見えます。
大きい事をやるために人気になりたいという目標設定に需要のない配信は切り捨て、
需要のある配信を分析してそれを繰り返すことが重要だと思います。
私もホロリス6年やってますがはあちゃまを視聴する優先度はかなり下がっています。
ホロライブを視聴する理由は人それぞれだと思いますが、私はホロメンの関係性が面白いから見ています。
視聴者の需要を理解し反映することが成功への道だと思います。
はあちゃまに人気になってほしいので私も本音で色々書きました。
失礼しました。"
9dpdepyMm-I,チャンネル登録しました。こんなRockな方だとは知らなかった。みんな違ってみんないい。
9dpdepyMm-I,"この伝説の配信を聞いたホロリスは全員こう思ったよ

そのまま感じたまま素直に行動し突っ走れ！、と。

フライトする日　はぁちゃまが見たかった景色　一緒見れたらﾀﾋねるそう思ってるのよ🎉"
9dpdepyMm-I,はあちゃま好きだから書きます。一人で考えず１期生とかの仲間に相談しましょう。そして自分の気持ちに素直になりましょう。イヤなこと苦しいことはとりあえず置いとけばいい。人生これからなんですから、まだまだ希望に満ちた未来があります。おいしいものでも食べて下さい。
9dpdepyMm-I,どんなはあちゃまも好き。これからも色んなはあちゃま見ていきたい。だから、とりあえず過去のASMRのアーカイブを戻してくれませんか😢？
9dpdepyMm-I,こういう本音吐き出すやつ大好きなんだよなぁ
9dpdepyMm-I,ちゃまが現地アイドルライブに行った経験がなかったのは、実際に海外で彼女自身が武者修行をしていたからです。
9dpdepyMm-I,はあちゃまのことうわべしか知らなかったから、これからたくさん見ようと思ったよ。
9dpdepyMm-I,色々迷走した結果を受け止めて一歩ずつ歩んで頑張って欲しい
9dpdepyMm-I,やっぱ言葉へのこだわりがずば抜けて高いと思いました。はあちゃまと先輩の逆境を生きる人生の格言カレンダー、お待ちしてます。
9dpdepyMm-I,I want a Haachama Live in USA <3
9dpdepyMm-I,"17:26 なんだ。神々の悩みか。

また岡山来てよ。"
9dpdepyMm-I,"ついに厨二、高二病抜けたかと思ったけど抜けきれてなくて草
はあちゃまは良いところいっぱいなんだから、後はこうして自分をさらけ出していくことで伝わると思うし良い機会だったと思う
そして""狂人はあちゃま""が一人歩きして手に負えなくなってる～と言っとりますがある意味あなたは親なのよw
色んな企画や動画、だる絡みを配信でして育てていったちゃま自身の誇張した一面かつ娘。
狂人キャラに決着をさせたいなら、単純な否定以外にも道はあると思う

ちゃまはまじめで純粋ゆえに迷いやすいと思うけど、飛行機として飛び立てばよっぽど強く高みに向かえると思ってます

それはそれとしてぬるま湯で話題がころころ変わって勝手に納得して笑ってるちゃまも好きだし、運動会の時に自分達が勝った後に相手チームがラグ酷かった時にやり直しを提案できる優しさも好き。
ありのままで十分おもしれぇー女だよ"
9dpdepyMm-I,"デビュー当時から見てるけどはあちゃまの英語配信解禁は
間違いなくホロの海外人気爆発の一因だよ。"
9dpdepyMm-I,"こんだけ海外ニキのコメがあるJPメンバーおらんのよ
それだけで凄いことなんよ"
9dpdepyMm-I,"数字があれば、順位があり、劣等感を感じることもあるのでしょう。
人と比べるからこそ、ひとりの自己満足ではないからこそ、
ひとりだけで抱えるのではなく、仲間と一緒に頑張ってください。
ホロメンでも、マネージャーでも、それらじゃなくても、仲間を作れたらいいなと思います😌"
9dpdepyMm-I,"熱い魂の叫びでした。
多くの人に届いたでしょう！

突撃ラブハート聴いてくる。"
9dpdepyMm-I,無理して頑張らないで自分の出来るペースでコツコツやっていけばいいんだよ。どうしても辛くなったらホロメンや私達リスナーに相談したり泣いたりしたっていいんだよ！！
9dpdepyMm-I,"１期生のみんなはちゃまの事を真面目で良い子だとよく言ってるけどほんとにそうだなとわかった。
ホロにハマって３年ぐらいになるけど（ちなみにすこん部です）がんばってる人を見てると元気もらえるけど、自分はこれで良いのか悩む事も増えたな。
人と比べるより自分は自分として１歩ずつがんばるしかないよね。
長文失礼しました。頑張りましょう！！"
9dpdepyMm-I,"As a Kaigai-niki, I enjoy lots of your videos Haachama. It was hard to understand a few years ago when I didn't know much Japanese, but the streams was still fun (and sometimes crazy).
I've really liked your recent travel blogs! And you have such great writing. Your videos are always exciting to watch too.
But no matter what you move towards, we will still be here to watch and support you. People from around the world will continue watching and cheering for our idol with a big red heart ❤"
9dpdepyMm-I,"毎日はあちゃまの歌ばっか聞いて癒されています☆
肩に力が入りすぎると努力逆転の法則ってやつで空回りしやすいから、占い師の飛行機の例えみたいに、今は一旦休んで飛行機のエンジン温めてるところや！って軽～いノリで、何でも楽しんでー♪"
9dpdepyMm-I,"ホロライブに所属してる事、今まで続けて来れてたくさんの人に見られている事、どれも才能に溢れた素晴らしい事だけどまだまだ上にいけるんですね🌟すごい、尊敬。
無理せずやりたい事やってほしいなあ。不器用が愛おしい可愛い女の子だ！（ ;  ; ）"
9dpdepyMm-I,初めてはあちゃま見たけど、配信者は最終的にどれだけ人間性を見てもらえるかだと思う、ホロライブにいる限りそのチャンスは常にあると思う。
9dpdepyMm-I,YAGOOのお茶会に行こう
9dpdepyMm-I,"はあちゃまクッキングきっかけでホロライブを知った。はあちゃまありがとう。
チャンネル登録していなかったけど、最近のショートや旅を見てチャンネル登録しました。
無駄じゃない、はあちゃまの頑張りは無駄じゃないよ。"
9dpdepyMm-I,"はあちゃまにしか出せない魅力、はあちゃまにしかできないことあると思います。
はあちゃまが頑張っているところ絶対に誰かは見ています。はあちゃまが頑張ってきたことは必ず報われると思います。それが明日かもしれないし１年後かもしれません。腐らずに活動続けてください。はあちゃまが活動していることに勇気もらってる人沢山いると思います。英語が喋れることで海外のメンバーの架け橋になっていると思います。これからも応援しています。"
9dpdepyMm-I,"こうゆう配信がメン限じゃなくて良かったと思う
本音とか今の活動とか、旅してたとか知らなかったから色々見てみようと思いました
個人的には大型の企画ものには積極的にはもっとでてほしいなぁと思っています
色々な人ともっと色々話してバカやって、もっとはあちゃまという人が色々な人の目につく機会は多い方がいいと個人的には思います
これからの活動も見守ってますね！"
9dpdepyMm-I,"面白い漫画が
必ず売れるわけではないのと同じで
はあちゃまの魅力自体に間違いないのは
配信を見ていればよくわかる

有名なゲーム配信は
検索から見つけやすい&入りやすいけど
ちゃまの配信はオリジナリティが高く
たどり着くまでにステップがいるのかも？

どうやって見つけてもらえるか
ある種のゲームはそこからはじまってる

歴史のある1期生ということで
初見さんが途中から入りにくい部分もある
「誰でもウェルカム&推してほしい」を
もっとアピールしてもいいのかも？
(フブさんや2期生のスバさんが抜群にうまい)

はまちゃまがやりたいと思うことを
自分らしくやるのは大前提として
(そのために頑張ってんだから)

今の配信スタイルとファンとの関係を
大事にしたいのも大前提として
「赤井はあと」に繋がる窓口は
多ければ多いほどいい

固定観念にとらわれず
いろいろやってみてもきっとプラスになる
赤井はあとが抜群のアイドルなのは
ここにコメントしてる人たちは
みんなわかってるから大丈夫
応援してるよ！👍✨️✨️"
9dpdepyMm-I,"はあちゃまは器用だし頭いいから色々手出しすぎて悩むことが多そう
頭が良すぎる人はリスナーから見て親近感持たれづらい傾向にあるから、心のうちを出しつつもリスナーを受け入れる体制はとって欲しいところ
キャラクターとしてのコンセプトというかフェチは必要だろうけど、変わったことやろうとしなくてもいい
見ててモヤモヤするような配信じゃなく、見てて気持ちいい配信が一番楽しいんだから"
9dpdepyMm-I,"基本的には静かに見守ってるだけだから、突然出てきてどうした？と言われるかもしれないが

飛行機の喩えを聴いて、自分は、最近のはあちゃまに、渡り鳥を思い浮かべたかな

多分、今、あなたは、夢半ば、目指す場所に向かう為の大きな海を渡る前の止まり木に居るのでしょう

頑張るのは、もちろん尊いことだけど、ずっと飛び続けられるような鳥は居ないからね、心を休ませる事も大事"
9dpdepyMm-I,まあ、図太くいこうぜ
9dpdepyMm-I,"正直はあちゃまの印象は突飛なイメージでちょっと敬遠してました。でも今回のお話を聞いて「初めての一歩って楽しい」って言えるのすごくカッコ良いと思いました。
とりあえず私も「初めての一歩」としてチャンネル登録します。これからの活動も楽しみにしております。"
9dpdepyMm-I,"はあとんではないけど、大丈夫かなと気になってはいた。
メン限でしか聞けないないような本音が分かってよかったよ。"
9dpdepyMm-I,"チャンネル登録者158万人って既に凄すぎると思う…😅
目標が更に高いのね
急ぎなさんな🍵
ね…"
9dpdepyMm-I,"休止して、永遠にも感じた時間を耐えてはあちゃまが帰って来てくれた時本当に嬉しかった……
これからもずっと側で応援していくよ
はあちゃまは、はあちゃまのままで自分が楽しくやりたい事をやって言って欲しいです😆"
9dpdepyMm-I,"This is just my own perspective, but every Hololive fan I've ever met loves Haachama. She has many international fans ❤"
9dpdepyMm-I,"期待に応えることばかり優先しすぎると辛くなっちゃう時もあるから、
まずは自分のやりたい事をやりながら自分のペースで進むでも良いと思う。
何が結果につながるかはわからない時代だから。

はあちゃまの旅配信大好きだよ。"
9dpdepyMm-I,"人間は喜怒哀楽はとても大事な感情だからどんどん出していけば良いのよ！
その方が健康で元気に生きていけるんだから！"
9dpdepyMm-I,Try streaming on Twitch sometimes
9dpdepyMm-I,"「悔しさ」や「嫉妬」は創作者である証です。
それがない創作者は成長しません。
なにも憂うことはありません。
あなたは立派な創作者です。
はあちゃまは「はあちゃま」のままでいいんです。
少し視点を変えてみたり、アプローチを少し変えるだけで世界がガラリと変わるはず。
唯一無二の存在として、今後がとても楽しみになりました。

応援しています！！"
9dpdepyMm-I,"他コメントではあとちゃん向けのメッセージが多いけど、実は成長•進化しないといけないのははあとちゃんだけじゃないよ！我々はあとんもあなたを見て成長しないといけない時だってあるから、一人じゃないよ。
僕は初期の赤井はあとのオーストラリア時代から見たはあとんとして、はあちゃまの襲来、入院、先輩になったはあとちゃんを見てきて、あの時好きだったネタなどをはあとちゃんの成長によってやらなくなったネタや配信も寂しいながら受け入れる理解と決意を決めないといけないのもある。お互いできることを背一杯やって一緒に前へ進みましょう❤"
9dpdepyMm-I,"欲があるのが人間さね。壁にぶち当たったら立ち止まって周囲に何があるかよ～く見て、ふんばってパワーを溜めてぶち壊せ。１発じゃ壊れなくたって何発もぶちこめばいつかはイケる。

頑張りまくってる人に言うのは酷だけどあえて言うがんばって！草葉の陰から応援してるよ！"
9dpdepyMm-I,卒業はしないでよね
9dpdepyMm-I,食べ物を粗末にするからだよ…
9dpdepyMm-I,"登録5年弱/メンシ4年強と、活動の途中からのおおよそ半分しか見てきてないですが、ずっと試行錯誤しながら進み続けてきたその姿を応援しています。
自分が見始めた頃のコンテンツも最近のコンテンツも悩み考え作り出されたであろう作品で、その一つ一つを楽しませてもらってきました。
偏見やタトゥーという見方もあるかも知れませんが今まで積み重ねてきたもの全てが軌跡で、それに悩む姿そのものも眩しいと思います。これからも応援しています。"
9dpdepyMm-I,楽しく配信してくれればファンはそれだけで嬉しいんですよ
9dpdepyMm-I,"Love Haachama, cheering for you!"
9dpdepyMm-I,あなたがいたから会長がホロに入ってくれた。ここまで大きくなったのは1期生が踏ん張って頑張ってきたから。自分らしさを大切にゆっくり活動して欲しいです。
9dpdepyMm-I,はあちゃま…好きや
9dpdepyMm-I,"はあちゃま好きです
唯一無二感あって他のホロメンに無い魅力があってそんなはあちゃまの生き方に憧れてる人多いと思います"
9dpdepyMm-I,"ほんとに最近ショートのダンスではあちゃま凄いんだなと気付いたのですが
それまで持っていたイメージを率直に言うと、刺激の強い変わり者という感じでしたね
姿も声も変わったわけではないのに動く姿に魅力を感じて、全体として可愛く見え始めたんです
そしてキレと華やかさがある動きにスター性も感じました
動きの中で出るスター性って、あるんですよ
ブルース・リーやタイガー・ウッズや長嶋茂雄も静止画より動いていた方が格好良いんです
沢山姿を見せてくれると、きっと皆喜ぶしはあちゃまにとっても良い流れになるような気がします"
9dpdepyMm-I,"はあちゃまがこんな風に本音を語ることによってイメージがガラッと変わっていくと思います！！
私もこの配信で本音が知れてもっと応援したくなりました😊"
9dpdepyMm-I,「自分にも良くないところがあった」と納得できていたら、泣く理由は何もないでしょう。「こんなに頑張ってるのにどうして不人気なの」みたいに駄々こねて、その原因を他者に転嫁しようとしているように感じられる。すべての努力に成果が伴わないことなんか日常茶飯事でしょう。
9dpdepyMm-I,"ダンスのショートを見て最近ファンになりました
あなたの努力は少なくとも僕に届きました"
9dpdepyMm-I,"自分がホロライブを知った時、はあちゃまが休止中の時でした。アーカイブの中しか知らないはあちゃまでした。
そんな中で、はあちゃまが弱々しくでもハッキリと「大丈夫です。心配しないで」とそして戻ってきました。

はあちゃまの頑張った結果が「それ以前のはあちゃましか知らない自分」から「それ以降のはあちゃまを知れる自分」にしてくれました。
そんな はあちゃまの頑張りの成果になれたらと思っています。"
9dpdepyMm-I,"Chama, it's okay to cry, just don't keep those feelings to yourself, we Haatons will always support you and you can use us as paper tissues, it isn't easy to hear you cry, we would love to give you the world if possible, you are so special to us, I really wish from the bottom of my heart that you can achieve all your goals and wishes, I really want to see you for more years, sadly I arrived later to this Hololive rabbit hole, but I would love to keep following your adventures closely, please stay with us, you are number one in our hearts, please take care and eat something sweet that makes you feel happy, I send you a head pat and a big hug "
9dpdepyMm-I,立ち姿サイズのモニターを置いて、美味い店聞いてる番組とか？
9dpdepyMm-I,"はあちゃまの飛行機まだ間に合いますか？！
唯一無二のとんでもねえ巨大機に乗れないでいられますかってんだ！
なんなら燃料にでもなってやんよ"
9dpdepyMm-I,Vtuberちょっと疲れたから旅に出ましたという旅漫画作りましょう！
9dpdepyMm-I,ロケはぁちゃまアニメ作りましょう
9dpdepyMm-I,"はあちゃまの配信は全部好きだし、特に英語力を生かした配信、料理、旅、歌(ちゃまお含む)、ダンス(ショート)、怪談を楽しませていただいています😄
今までもこれからも応援しています！😉
ゴーゴー！はあちゃま✊"
9dpdepyMm-I,"自分らか見たら、はあちゃまも十分に凄いんだけどね。
歌えて踊れて英語もできて、今の熱意あれば正統派路線でいける気するんだけど…
蜘蛛使ったりが一般受け悪いかな。"
9dpdepyMm-I,はぁちゃま聖地巡礼、全国行脚ですかね！
9dpdepyMm-I,"ホロライブは番長のダンス動画(たまに配信)とロボー子の深夜歌枠とはあちゃまのASMRと深夜雑談しか見てないけど楽しめてるぜ
今回とは別だけど、配信は枠立ての時間ジャストか1分前くらいに開始してくれるのが丁寧な活動だと思う
はあちゃまは枠開くの待つと大体10分くらい経ってる時があってもういいかなって思う時はある"
9dpdepyMm-I,"忘れがちで勘違いする人も多いけど舞台に上がった人は良い評価も悪い評価をも受ける覚悟が必要なんだよね。　
舞台の上に一般人は居ないんだから比べられる対象は同じ舞台で演じる仲間やライバル達。　その重圧に潰されない覚悟が十分感じられた。
どれだけイメージを払拭しようと考えても赤井はあとが歩んできた日々は誰からも否定されるもんじゃ無いししっかりと守るべきモノだよな。
はあとんにしっかり愛されてる、はあとんを愛して目標をしっかり見据えてる赤井はあとはブレないところを見せつけてやってほしい。
ただのホロライブの一員程度の認識だった赤井はあとは最近の配信を観て気になる存在になり、今日好きだと言える1人になりました。
はあちゃま今後の活動もしっかり観ていくよ。　そして魅せられた時にははあとんの一員にくわえてね！

読み返して長文キモいと思ったけどどうしても書きたかったんや　許してくれさい"
9dpdepyMm-I,悪意ある人間は必ずいるから、気にするのは良くない。今悩んでるいるのは後の力に必ずなるよ。リスナーは応援することしかできないから、負けないで頑張ってほしい。
9dpdepyMm-I,"長文でごめんなさい。
赤井はあとさんの良さがものすごく伝わりました。
はあとさんの欲しい言葉ではないかもしれませんが、
『赤井はあと』は唯一無二です。
自分に厳しいから、人と比べて違うところを見てしまいますが、はあとさんが、他のホロメンと同じ事が出来ないように、他のホロメンも赤井はあとと同じ事はできません。
赤井はあとにしか見せられない世界を見せてくれていることに感謝です。
かく言う自分もそうですが、人にごちゃごちゃ言う人間は、はあとさんと、同じぐらい自分と向き合えているのか？
自分に厳しく批判の声を投げかけられているのか？
涙が出るくらい心に響きました。
赤井はあとは唯一無二であり、これからも最高のアイドルです。
少しでもはあとさんが元気になってもらえたらとコメントをさせて頂きましたが、自分も世間に知られていない一人です。
そんな外野の声なんて気にせず、これからも最高の赤井はあとの物語を進んでください‼️
ファンの一人として、その姿を応援します。"
9dpdepyMm-I,"日々の動画投稿、歌にダンスのレッスン続けながら数字も求められる厳しい環境で頑張ってるのは本当にすごい。
今は苦しい時期かもしれないけど生誕ライブ
だったりロールプレイングゲームの踊ってみた
バズりとか少しずつ世間からの評価は少しずつ
変わってきてると思う！神は乗り越えられない試練しか与えないって言うし、自分は数年後
ソロライブしてるはあちゃまの姿が脳裏に浮かびます。1はあとんとして陰ながらこれからも
応援続けます！"
9dpdepyMm-I,"はぁちゃま
負けるな辞めるな凹たれるな"
9dpdepyMm-I,"I remember even before HoloEN debuted, I got into vtubers because of Haachama's English streams. One day, I sent a mere 2 dollar superchat to Haachama and off-handedly mentioned that it was my birthday. Despite that, Haachama still sang me a happy birthday song, and I was forever hooked because of her kindness. You have touched my life and the lives of many other Haatons, and I hope that no matter what happens behind the scenes, you will know that you made a difference."
9dpdepyMm-I,はーちゃま❤は毎回LIVE良く頑張ってるよ新しい企画に挑戦したり英語の発音も凄く上手今は登録者増やすより今を支えてくれるファンを大切にする時だよ今のファン🐷を大切に出来なければ登録者(横の輪)だって増えないソロは楽だけど登録者増やすならソロを減らしてもっとメンバーのみんなと絆深めて(オフも)コラボ増やしていきましょう(まだまだはーちゃまの事を知らない人だって沢山いるんだから)地道に一歩ずつマイペースに活動していきましょうはーちゃま❤の今やってる事や活動はみんなに元気を与えてる素晴らしい活動だよ今の自分を信じてこのまま粘り強く活動頑張って下さい継続は力なり❤🐷
9dpdepyMm-I,"人間味を感じる、惹かれる配信でした
ジェリー藤尾さんが「遠くへ行きたい」（1962年）で唄っておられますように、人の心情や悩みは古今変わりません"
9dpdepyMm-I,はぁちゃまも大変やけど、はぁとんも大変やな
9dpdepyMm-I,8年経っていまだにやりたいことがあるって一種の才能
9dpdepyMm-I,遅れるよってお知らせはしようね
9dpdepyMm-I,"We all love you very much, Haachama. It hurts to hear such an angel cry. 🫂❤"
9dpdepyMm-I,"声低くしたほうがいいと思う
この配信も長時間聴いてられなかった"
9dpdepyMm-I,はぁちゃま努力続けてる熱い人ってのがつたわりますよ！ダンスとかキレキレだし、頑張ってるのわかります！旅系も新しい取り組み面白いし、BGM作りましたもすごいオシャレだし、はぁちゃまの多方面あるのがいいすよ！
9dpdepyMm-I,"数年前から配信見ていた者です。率直な印象を述べます

・前のはあちゃま……良い意味でクレイジーで最高。ロック。輝いてる
・今のはあちゃま……なんか普通の人

やっぱり大学に入るというのは人を良くも悪くも画一的な常識人にさせてしまうのかなと思いました

戻れとは言いません。あなたらしいやり方でV界をめちゃくちゃにして欲しいです
好きだったからこそ言ってます。頑張ってください"
9dpdepyMm-I,"業界で最も創造的な才能の持ち主の一人で、いつも私の笑顔を引き出してくれる。素晴らしい仕事を続けてください——あなたは毎日驚くべきことを成し遂げている。皆があなたを尊敬しています。

 ところで、目標達成のために人気や認知度を上げたいなら、他のタレントとのコラボを増やして繋がりを深めることをおすすめします！ホロライブを視聴し始めてまだ2ヶ月ですが、コラボ動画やクリップ、交流会のレポートこそが新規視聴者の心を掴むと確信しています！コラボ動画が一番クリップされるんです！言うは易く行うは難しですが、まさにスバルさんのパーティーや仕事後の食事会、JPメンバーとのコラボそのものの話題に惹かれ、多くのタレントに夢中になったんです！私もコラボクリップであなたを見つけました！ゲーム『Peak』コラボ、スパイシー麺コラボ、メッセージリレーコラボは超楽しくて最高でした！あなたの創造性もコラボで輝くかもしれません！タレントを招いてお化け屋敷ツアーをしたり、ハアチャマ流のホラーゲームを一緒にプレイしたりするのもいいかも！大変なのは承知です。自然体であることが肝心です——無理に外向的に振る舞っているとファンにはバレます。心から楽しんでいないならコラボは控えるべきです。でもやる気があるなら、これは素晴らしいアイデアになるかも！認知度が上がり、他の女の子たちとの絆も深まります。辛い時に頼れる強いサポート体制も築けます。海外ファンとしての私なりの意見です。
(DeepL) 
I tried my best

Keep up the good work!"
9dpdepyMm-I,はぁちゃま、何年後なりたい夢を語ろう会やりましょう！
9dpdepyMm-I,うん…とりあえずスバルとパーティーしよう
9dpdepyMm-I,"はあちゃまとってもがんばってますよー
本音で話してくれてありがとね、話すコトってとっても大切よ
1年ちょっと前に知ったROM専なのであまりコメント書けてないけど、影ながら応援してるよー
はあちゃまのすっっごく頑張り屋さんな姿が伝わってます
体幹は鍛えるまでとても時間かかりますし、ダンスの体幹も鍛えられててすご


(あとこれは私の直感で根拠ないものの、はあちゃまそろそろ
どでかいイベントでさらに人気すごくなりそう
たぶん英語の歌とダンスの効果で、外から奇跡が起きそうです)"
9dpdepyMm-I,"色んなところで色んなことをお伝えしたので、ここではひとこと。

これからも、応援しております。"
9dpdepyMm-I,"追加で恐縮ですが、この際だから言いたいことはすべてはっきりと言わせていただきます。
はあちゃまが自分の過去を否定する発言をしたとき、それは過去のはあちゃまを応援してくれていたファンまで否定してしまうことにつながる、という点をもっと自覚してほしいと感じました。
配信はテレビ番組のように一方的に垂れ流すものではなく、コメントと一緒に盛り上げて作っていく双方向の場です。だからこそ、視聴者も空気を読んでコメントしています。
例えば○○ネタのときも、みんなが心から大好きだったわけではなくても、はあちゃまが楽しそうに盛り上がっているからこそ「一緒に楽しもう」としてコメント欄も盛り上げていました。
そうした空気や雰囲気を作ってきたのは、ファンと一緒の積み重ねだったはずです。にもかかわらず、今のはあちゃまがそれを否定してしまったら、当時応援していた人の気持ちは裏切られたように感じて離れていってしまうのは自然なことだと思います。
さらに言うと、はあちゃまは全体的に「自覚が足りない」「考えが甘い」と感じる場面が多いです。
旅や写真など悪くはありませんが、それが本当に人気につながるのか、冷静に考えてほしいと思います。人気を目指すなら、すでに成功している人を分析し、良い部分を取り入れていく姿勢が必要なのではないでしょうか。
また「輪に入れない」とよく言いますが、はあちゃまはもうベテランであり、多くの後輩がいる立場です。もはや「輪に入る」側ではなく、「輪を作る」側でもおかしくないはずです。
正直に言えば、今のままでは「考え方が甘すぎる」と思わざるを得ません。そこをまず自覚して変わろうとする姿勢があれば、きっと応援したいと思う人も戻ってくるのではないでしょうか。"
9dpdepyMm-I,本音をちゃんと言ってくれるのはファンとして嬉しいし、ありがたいと思う。はあちゃまは凄く頑張っている、きっと他のホロメンもめちゃくちゃ頑張ってる。だからいつ見ても楽しませてもらってる。いつも本当にありがとう。
9dpdepyMm-I,"モチベが上がる動画　
ダラダラしそうになったらこの動画を見返します
ホロライブいいねぇ　はぁちゃまいいねぇ"
9dpdepyMm-I,"最近はあちゃまの動画をみて推しになりました。
昔のはあちゃまのことは正直よく知らないけど、今のはあちゃまを見て推していきたいと思いました。
悩むこともあって誰かに気持ちをぶつけたくなることもあると思います。
普段はあちゃまの配信でたくさんの元気を貰ってるので、きつい時は自分たちリスナーが逆にはあちゃまに元気をあげれたらいいなと思います。
そういう関係って良くないですか？（新米が偉そうなこと書いてすみません）
人には人の、はあちゃまにははあちゃまの魅力があります。より多くの人にはあちゃまの魅力が伝わるようにこれからも応援していきます。
今回はあちゃまの本音が聞けて嬉しかったです"
9dpdepyMm-I,"仕事中だったからアーカイブでしか観れませんが
嬉しい事も悲しい事も
いつでも話は聞きますよ"
9dpdepyMm-I,文字どものお気持ちどうでもいいからタイムスタンプくれよ
9dpdepyMm-I,Never give up! Our Chama is the strongest Idol!
9dpdepyMm-I,はあちゃまは自分が思ってる以上に周りの人から愛されてて評価もされてることに本心で気づけばもっと楽になると思うんだけどなあ。若い時やがむしゃらの時はなかなか気づけないものなのよ。はあちゃまはすごいのよ。今はあちゃまに必要なのは活動を心から楽しむことだよ。活動を楽しめてさえいれば絶対もっと結果が出てくるから。
9dpdepyMm-I,"Haachama, I support you with all my Haato. Ganbatte 🎉"
9dpdepyMm-I,それもこれも会社のビジネスと社員が多くなりすぎて食い扶持確保のためにホロメンひとりひとりの負担が大きくなりすぎたからだよね
9dpdepyMm-I,"チャットでも書いたけれど、はあちゃまって定期的に「爆発」するものの、その場でスッキリしてしまって、結局は特に何かを改善するわけでもなく、同じことを繰り返している印象があります。
話している内容も、「これをやりたい、でもあれはやりたくない」といった感じで、やりたいことを実現する過程で避けられない“やりたくないこと”に取り組む覚悟や自覚が、少し希薄なのではと感じました。
今やはあちゃまは後輩もたくさんいるベテランの立場です。だからこそ、正直今のようなやり方は、見ていてちょっとつらくなってきます。
全国でティッシュ配り、みたいな奇抜なアイディアを考えるよりも、今できることを一つひとつコツコツ積み重ねていくことが、結果的には「やりたいこと」を叶えるための一番の近道なんじゃないでしょうか。もちろん、それはしんどいことかもしれませんが。
また、はあちゃまは本音と建て前の差が見えすぎてしまっているように思います。本音の部分は、たいてい誰かに対する苦言だったり、何かへの不満だったりして、それを後付けで甘い言葉でごまかそうとしても、見ている側には本音のほうが伝わってしまう。だからこそ、「それ、今言う必要あった？」と感じてしまうことがあるんです。
人気を目指すなら、時には本音を飲み込むことも大事だと思います。特に数字が無い今みたいな状況では(ホロ内で相対的に見て)"
9dpdepyMm-I,4:21 START
9dpdepyMm-I,"戦略的に進む時期なんだな。自分の強みとか推すポイントを明確にして、それ以外を削ぎ落として今の自分を完成させる時が来たんやろね。きっとここから這い上がって1つの完成形を見せて貰えるのを楽しみにしてます。
目指す場所は大きく、出来る可能性を信じてください！"
9dpdepyMm-I,"読むなら全部読んでね〜。

ファンを増やす方法
→需要に対して供給をし、視聴者を満足させる

視聴者が求めているもの↓
可愛い
面白い(主に配信やホロメンとのやり取り)
感動(主にライブ)

ダントツで効果があり、1番近道なのは可愛い

これは
本人の可愛さ×供給
で成り立つ。

なんで荒れているか？
やりたいことをやりたいだけなら問題はない。
ただファンを増やしたいという目的があるのに、この人本当に分かっているのか？というような行動をしている、少なくともそう思われている。もしかしたらファンの方がどうすればいいのか分かってるかもしれない。

はあちゃま＝おかしくてやばい人
という印象の原因は、昔の蜘蛛系とかヤバ料理とかおかしな言動から。
だからそれをやめるだけで解決する。そこから可愛さを押し出して広める必要があるけど、やり出したことは清楚路線。ここが一部視聴者がそうじゃないんよなあ、解釈浅いなぁと思うポイント。

センシティブはダメでー…って言ってるけど、センシティブありで人気あるホロメンなんてたくさんいる。船長、あずきち、みこちとかセンシティブな時ありありじゃん。センシティブってのはあくまで供給であって、本人の可愛さを落とすようなものじゃない。加えて、そらちゃんやあずきちとか清楚で人気だけど、2人とも静かだから人気があるわけでは決してない。断言できる。

【可愛いから人気がある、本当にただそれだけ】

清楚は数あるキャラの中の一つに過ぎない。みこちは清楚枠じゃ無いけど、可愛いくて面白くて人気だよね。
はあちゃまのでかい武器であるセンシティブ一切を捨て、かつ清楚で静かならいけるって考えたのが、そうじゃなくない？ってなった今回の一件。

可愛い路線の手段として1〜3がある。

1 short
2 コラボやホロ企画での他のホロメン(話題性のある)との絡み
3 asmr

てか、はあちゃま十分可愛い素質あるから、供給の方できちんとした努力をすれば全然いける。可愛いは、絵、声、動きなどがあるけどはあちゃまの1番は声。だからって話してるだけじゃファンをたくさん増やすには足りなくて、もっと供給がないといけないけど。
今はあちゃまは、shortでダンスを挙げている。shortダンスに求められるのは二つ。
可愛い　か　ダンスのうまさ
ダンスの上手さはプロになれるくらいの努力をしないと身につかない。特にダンスは1番素人抜けしにくくて、少し違和感があるだけで、ダサくなる。そういう緻密で繊細な動作一つで決まる世界で、スピードが早ければ難易度は上がる。けどもし出来たら、番長みたいに一目見ただけで心奪われるから最強。まぁ番長は普段の可愛さだけでも最強格だけど。
だからまぁ普通はshortで可愛いを押し出す。そこに一定レベルのダンスや努力はいるけど、完成度があればとっても難しいことをする必要はない。ホロメンのみんなもそうしてる。そらちゃんやござるのshortとかが良い例。
はあちゃまの今のshortは、ダンスが早いこともあってぎこちないってイメージ。お人形ダンスとかもあれ見て可愛いとはならないし。
頑張るだけで偉すぎるし、ダンスだって良い、色んな事にチャレンジしてるし、はあちゃまがしたいようにすればいいよ！、そうかもしれないけど、そう思ってくれるのは真のはあとんだけだからね。悲しい事に、
【頑張って辛い思いをした＝ファンが増える
わけでは無いから】

これからの選択肢の一部として、

1 可愛いダンスができるまで努力して一つのshort動画を極める。それのチリツモ。
イマイチなのをポンポン出しても変化は少ない

2 えぐい努力でダンスをプロ級のものにして、上手さで押し出す。(非現実的)

3 ダンスというよりは、もう可愛さ全開の内容にする(そらちゃん、ござるはこれもやってる)

4 short路線は止める(でもshortは伝染効果高いから挙げるに越したことはないけど)

ダンスが関わるから、""満足感の高い動画を出す""努力が必要。けどこれはあくまでshort戦略。

正味はあちゃまのasmrはホロでもtopレベルだと思ってる。音質良いし、声近いし、可愛いが溢れてる。センシティブ抜きにしても、妹系で話すとかしてたけど、声可愛すぎるし、声優並みの声色だったよ。はあちゃまのasmrの才能は唯一無二で、誰にも真似できないし、秀でてるし、ここまでのこと出来てる人はasmrやってるホロメンでもそういない。だから多くの人をasmr配信に来させた時点でもう勝ちが確定する。
だからこそ清楚路線みたいになった時は、宝の持ち腐れだと思った。はあとんもここ数ヶ月供給足りてなくて内心少し残念なんじゃない？
けど、そんなこと今までもやってたのに、なんでファンがめちゃくちゃ多くないのか？
はあちゃまの可愛いは、あくまで配信内でとどまっているから。切り抜きとかホロぐらでヤバい奴って思われたのか分からないけど、推しとして選ばれなくて今に至る。
それじゃあ今現在ファンがめちゃくちゃ多くない理由は？
一つは、ホロライブのファンになった人がはあちゃまというホロメンに辿り着く事が難しいから。新規ファンってのは他の人の配信か、切り抜きから来る。だからホロメンとのプロレスとかてぇてぇムーブとか、あるいは自分の配信で撮れ高作ってみこちみたいに切り抜きで話題になるとかして、新規が来る。あずきちやござるみたいに可愛い系の切り抜きshortとかファンが直接来やすいから良いし、センシティブ路線も結構多く簡単に釣れるから良いと思うけど。

もう一つはファン離れ。はあちゃまの昔の配信は、センシティブ、ヤバ料理関連ではあったけどめっちゃ面白くて話題になってたよね。切り抜きも出回ってたし。
最近は旅に出たり、静かになったりで話題性が無いし、可愛いも供給されないし、突出した面白さも少ない。付いてくるのは本当のはあとんだけ。


結論

shortで可愛いが伝わるような満足度の高い動画が出せるようにしていく。

他のファンから引っこ抜いたりできるよう、他の話題性高いホロメンと絡んだり、ホロ企画に参加してみたり、自分の配信で本気で楽しんでみたり撮れ高作ってみたりする。

感動させるようなライブをする。

asmr配信をして、asmr？！つって釣られた人を新規獲得したり、はあちゃまに興味あった人を一生の虜にする。

ホロライブでは、切り抜きが命。ホロライブファンでも無い人で、切り抜き以外で配信見よーって人ほぼ皆無だからね。

などなど、ほんの一部の選択肢に過ぎないけど。偉そうな事言ったし、はあちゃまは実際偉いし、視聴者なんて実際ホロメンと比べたら何も分かってない雑魚かもしれないけど、ファンの人は他のホロメンとかもよく観てるし、いつも供給を受けてる身だからこそ、需要と供給で見えてる物があると思う。まぁそもそもホロライブって努力と才能と可愛いの塊を持ち合わせた凄い人ばかりだから、そこでファン増やすっていって肩並べたり頭一つ抜けるのも簡単ではないんだけどね。

【努力＝ベクトル×量】

まぁたとえ何が目的でも、必要な事がやりたくない事でも、はあちゃまがしたい事をするっていうのは間違いでもなんでもないからそこは全然自由だと思う。やりたくないことをしてでも叶えたい熱い願望があるなら別だけど。完全に辞められちゃったらファンからしたら悲し過ぎるしおしまいだからね。
はあちゃまが今までしてきた事、全部間違いでも無意味でも無いからそこは気にする必要ないと思うよ。

それはそれとして…
はあちゃまのasmr聴きたいな〜、雑談とかボイスじゃなくて少し昔みたいなやつ〜"
9dpdepyMm-I,運営や世間からの声を聞いて頑張って人気を増やそうって必死になってる事はすごく伝わりました。だからこそ、今はあちゃまを応援してくれる人達を大事にしてほしいなって思う。
9dpdepyMm-I,お前は自分が思っている100倍カッコイイんだぜ！愛してるぜベイベ★★はーと❤
9dpdepyMm-I,"誰かに嫉妬出来るのは若くて頑張ってる証拠だと思うよ。
プロデューサー面してるゴミのようなコメントは無視して、そんで嫌なコメントをする奴以上に貴方を好んでる人は何万倍もいる事を忘れて欲しくないな。"
9dpdepyMm-I,"この前のライブはめちゃよかったやん
元気だしなよ、女の子は笑顔の時が一番輝いてるんだぜ🎉"
9dpdepyMm-I,人気がなきゃいけないって大変だよな……人間、人気がないのが普通だからな……無茶苦茶人気がある人でも、人気がもっと必要だってんだからな
9dpdepyMm-I,❤❤
9dpdepyMm-I,"俺は、はあちゃまは天才肌だと思ってる。
ファン少ないってのが解らん。
少ないのかな？

はあちゃま大丈夫？
はあちゃまははあちゃまのペースでええんやで。
人生は長いし短くもある訳だけど焦り過ぎなくて良いと思う。
張り詰め過ぎると、ある日ポキっと心が折れそうで怖い。
若いんだからゆっくり進もうよ。"
9dpdepyMm-I,"生誕ライブから見てます。スタイリッシュに作り上げられてて良いものでした。
新参なので的外れかもしれませんがマインドがアーティストだと思いました。
自分の活動も作品として見て満足出来ていないのかもしれませんね。
ドキュメントとして今までの活動を動画にされるといいかも。
というか、見てみたいと思いました。
生誕ライブで見た二面性のそれぞれの活動そのものを知らないのでそれを知りたい気持ちもあります。
過程であっても赤井はあとさんを作品として見せてください。
応援しています。"
9dpdepyMm-I,自身の心の声を大切に、はあとさんらしい道を歩いていけますように！
9dpdepyMm-I,"はあちゃま、今までやってきた事に無駄なことなんて何一つないよ
悔しさがあるのは成長しようと前に進もうとしてる証だと思う
時代とかタイミングとか抗えない大きな流れや力もあるけど、
はあちゃまだからこそ出来ることがあるし、その積み重ねで形成されて行くし、それがそれぞれの魅力だからね、
誰かに言われた道なんかじゃない、はあちゃまの道を進めばいいのさ！ホント先駆者はいつの世も大変なのよね～"
9dpdepyMm-I,Keep going Haachama!
9dpdepyMm-I,"妳是當之無愧的偶像
雖然我才看這短短的幾年
但我確實從各方面都有感受到妳的努力
還有妳想要回應粉絲們對妳的支持

光是這一點，並且一路堅持到現在
就是妳足以被稱為“偶像”的原因了
請繼續前進，加油❤"
9dpdepyMm-I,初めて配信見ました、こんなに熱くてかっけぇ人がホロライブにいたんやね。めっちゃファンになりました！私も飛行機乗せてください！
9dpdepyMm-I,まあ　おめえどこに行っても付いてくるから別にええやん
9dpdepyMm-I,"自分は、まだホロライブ知って
2年くらいだけど、それでも
ちゃまが努力して悩んでいること
伝わっているよ。

気持ちが溢れそうになったら
また気持ち今回みたいにぶつけてくれたら
いいな。
受け止めるから。"
9dpdepyMm-I,"よそいきのはあちゃまではなく自然なはあちゃまを久々に見て嬉しかった
好きなことを楽しくやってくれればそれでいいです
応援してます"
9dpdepyMm-I,"はあちゃまの旅企画
ショート動画も楽しく拝見してます。
旅企画もはあちゃまが行った所に息子と楽しい思い出が出来ました。
ありがとう❤人生は山あり谷ありですが夢を実現に出来る様沢山応援して行きます。
魅力的、頑張り屋さんの赤井はあとちゃん大好きだよ❤️素敵な配信いつもありがとう"
9dpdepyMm-I,"昔の活動方針とかこれからの事とか色々思う所が有るのだね。
こちらははあちゃまの活動から色々良い影響受けれていると勝手に感じてます、ありがとう。"
9dpdepyMm-I,ちゃま~🫂🫂
9dpdepyMm-I,"はあとんではない私の意見ですが、はあとんって古の はあとちゃん も はあちゃま も全て受け入れていて、落ち着いていてすごく良いなあって思うんですよね。

発信している分しか伝わらないのはありますけど、理解のあるはあとんのためアイドルであり続けて欲しいと思います。

たぶん、文字にはしないけど私みたいに はあちゃま を好意的に受け入れている人も多いと思う。頑張れ。"
9dpdepyMm-I,"はあちゃまは普通に凄いと思うけどなあ。
頑張ってないって言ってる奴誰だよ。
頑張ってなきゃチャンネル登録者も160万人もいないでしょ。もちろんそれだけではないけど。

色々ぶっ飛んでるのがはあちゃまって思ってたけどほんとは違ってたんだなって思ったよ。

配信少なくなっても居てくれるだけでありがたいし、無理せず活動続けて欲しいです！

ファンミは個人的にめちゃくちゃありだと思う！

あたしははあちゃまの事を褒めたい！
2時間で泣いたり笑ったり怒ったり喜んだりおもろい配信でございましたよw"
9dpdepyMm-I,とりあえず毎日名作ゲーム長時間やってくれたら普通に見るよ
9dpdepyMm-I,"赤井はあと様も、はあちゃまも、全部全部まるごとそのまんま、あなたが大好きなんだよ

狂気じみたときも
清楚に踊るときも
会長が卒業したときに、お休みして、その後、会長の分まで頑張ろうとしたときも
チルい深夜のマイクラ配信をしているときも。

そのまんまのあなたが好きだよ"
9dpdepyMm-I,最近ハマり始めたけどはあちゃま可愛くて好きです。自分は高校生でバイト禁止なのでメンバーシップにはなれないけどチャンネル登録して応援してます。これからも頑張ってください。うぉぉぉぉぉーーーーーーーーーーーー📣
9dpdepyMm-I,"はあちゃまが復活した時期から見始めたけれど、多くのはあとんやホロメンが喜んでいたのを見てどんな人か気になって見始めた。
「純粋な努力で出来上がった結晶体｣が俺のはあちゃまへの印象かな。
本当に尊敬しています☺️"
9dpdepyMm-I,"わからんがファンのみんなは無理しないで楽しんでほしい
叶えたい夢が叶わないのは辛いかもしないがいつか叶うと信じてる無理なく続けてほしい"
9dpdepyMm-I,"ちゃまの今やってる事が正解なんだよ
他の人と同じにやっても成功するか分からないんだから"
9dpdepyMm-I,"Hearing Haachama like this breaks my heart. I’ll pray at this year’s 初詣 for Haachama to become more popular and successful, and beloved by even more Haatons! "
9dpdepyMm-I,"初めて見たときからずっと可愛いと思っていたし、何年も前に激辛ラーメンを食べて最初のオリ曲の告知をした配信を見ていた時に「この子かっこいいな」とも思うようになりました。
ショートのダンスも可愛いし、英語もお歌も好きです。これからもずっと応援しています❤‍🔥"
9dpdepyMm-I,"葛藤がすごい心に響いてきました
ホロライブの強みは箱として横の繋がりで視聴者を共有していることがメインにあると思います
なのでゲーム配信などでは視聴者登録数のシェアを起こしやすい反面、独自路線を進める配信者には伸び悩んでいるように映りやすい側面もあるかもしれません
らでんのように美術特化型やはじめちゃんのようにダンスで視聴者を増やすようなホロライブの主流から外れた流れではあるので、即登録者が増えていくのは難しいかもしれませんね
それでもはあとさんが魅力的であることは間違いないことなので今後も応援させていただきたいです
英語を活かすなら旅動画を英語で説明して日本の魅力を敢えて国外に発信するとかもきっかけがあれば…
旅とVのシナジーを融合させられる何ががあればいいんですが、うーん…撮ってきた映像を振り返りでライブ2Dで相席食堂みたいに見直すとか、誰かメンバーと旅行行って振り返り雑談するとかは荒い素案ですが配信のネタになれば幸いです

今後も天真爛漫なはあとさんの配信楽しみにしています
季節の変わり目なので体調も崩しやすい季節にはなりますが、ご自愛くださいね"
9dpdepyMm-I,サムネかわいい！！
9dpdepyMm-I,"最近はあちゃまを見始めました。素敵な旅の写真やダンスshortなど見て本当に多才な人だなって思ってました。
今回の話でとても人間味があり、感受性豊かで素敵な人だと思いました。
ホロメンは十人十色の魅力があり、はあちゃまの良さは色々な人に伝わっていると思いますよ！
これからも陰ながら応援しています！"
9dpdepyMm-I,"ホロライブってライブでどれだけ感動させられるかを競うものなの？
あれって批判を恐れずに言うが発表会やん。
普段何してるかが一番重要やのに、ただの発表会に依存するべきではない。
自分が一番なんだからなにしてんの？
進めばいいだけやん。"
9dpdepyMm-I,"アーカイブ、見ました。
昔の破天荒なはあちゃまもすきだし、今の大人なはあちゃまも凄く好きです。
悔しい事もあったり辛いこともあるけどその先には楽しいこと、幸せなことも必ずあるはず！
だからめげすに配信やライブを頑張ってください！
"
9dpdepyMm-I,"おつるーじゅ！マネちゃんに話して方針とか、こうしたいって、これを参考にしたいとか具体的な話した方がいいよ。1人で悩むより色んな視点で成長に繋がる何かに出会えるはずだよ。1人で頑張る子もいるけど、ホロメン同士で話すのもいいと思うよ。これははぁちゃまのプロデュース的にもメン限にした方がいいと思うよ。
いつも陰ながら応援してるよ、涙がはあちゃまの思う結果に繋がりますように"
9dpdepyMm-I,はあちゃまの人間くさいとこ、大好きだ！
9dpdepyMm-I,マイクラハードコアエンドラまでやってみ、小さいけど壁あるで
9dpdepyMm-I,"初めてコメントします
無理なさらず好きにやれば良いかと😊
個性あるあなたが好きです"
9dpdepyMm-I,"逆に考えるんだ
黒歴史は変えられないのだからいっそのこと武器にしてしまえばいい

何かを変えよう、変わろうとするのはすごくパワーがいることだし
無理すると必ずどこかで歪みが生じて壊れてしまうので
それならば押し込めずに受け入れていければいいかなと思います

赤井はあと、はあちゃま、そして今の旅するアイドルと
どれもあなた自身だしあなたの強みだと思うので
バランスよく共存していけばあなたの目指す最強アイドルに辿り着けるのではないでしょうか"
9dpdepyMm-I,
9dpdepyMm-I,はあちゃま…すごいよ…
9dpdepyMm-I,"はあちゃまの写真展、ホロアースとかで実現できたりすると楽しそう！
写真に一言コメントボイスとかあるとさらに風情が♪
思い描く風景にどうやって近づいていけるか試行錯誤は大変ですがその思いの道に幸があることを願っています。"
9dpdepyMm-I,"理想と現実には必ず
乖離が在るから仕方ない事です！
いろいろ吐き出せてるから
少しは楽になった？
リアタイしててビックリしたけどねぇ～！
頑張って下さい応援してます！
追加！アニメ｢ばらかもん｣見ると
息抜きになるよ～
歌もいいから聴いてねぇ～！"
9dpdepyMm-I,"アーカイブで思いの丈を聞きました。
私がはあちゃまに魅力を感じてる面は色々ありますが、一番は「興味を持ったことについて行動できるパワー」です。
はあちゃま自身が心の底から楽しいと思えるものを配信のコンテンツに上手く組み入れて、その界隈の人達がファンになって、はあちゃまという素敵なアイドルのイメージに繋がっていくと良いなって。
これからも応援してるよー！"
9dpdepyMm-I,"うまく言語化できないけど、はあちゃまの前向きさに共感できたと思います。
はあちゃま感動したんですね。

思い悩むのは大切なステップだと思います。
他人と比べると少し落ち込むことがありますよね。
でも大事なのは過去の自分と比べることです。

はあちゃまはもっと自分自身に寛容になっていいと思います。
おじさんはそう思います。"
9dpdepyMm-I,"はあちゃまにはウェスタdeクッキングがある！
連載漫画の主人公になる人なんてなかなかいない！"
9dpdepyMm-I,今持ってるファンを大事にすれば自然に増えると思うよ。それと楽しむ事に集中すればそれで十分よ。大きくなる事に集中すれば負けです
9dpdepyMm-I,"はあちゃまは
はあちゃまだから
いいんだよ"
9dpdepyMm-I,"本音を他者に曝け出すってなかなかできないことだよね
年老いてきて、今じゃ上手く生きていく事や、自分が傷つかない様に、色々削いでいくことしか考えられなくなってきたけど、昔の情熱を思い出しましたよ
何かを変えたいときは、「常にそのビジョンを鮮明に思い描いて」、他者にどう思われようとも「常にこうなる（こうしたい）と言い続ける」ことが大事だと思います
ときには立ち止まるときや、後退するときもあるとは思いますが、今のはあちゃまを見て、”ファンや仲間と共に”一歩一歩前に進めると確信してます！
あと、日々の写真ポストいつも楽しませてもらってます。はあちゃまの旅などの写真投稿すっごい好き！！"
9dpdepyMm-I,We will keep supporting you Haachama!
9dpdepyMm-I,"Haato-chan, please, don’t be sad. 

I personally enjoy you and your content. Maybe some people were not ready to go with changes, you will find new fans, who will like it.

Hype is fleeting, it often based on luck as much as on efforts. 
Just do what you feel suits you and makes you happy."
9dpdepyMm-I,やり直しはいらないよ今日までの歩みがはあちゃまなのだから、ここ1年の旅行や旅企画、フェスでのENとのインタビュー等ワールドワイドな活動への布石だと思って見てた！悔しい気持ちを❤の燃料にして走っていこう！！
9dpdepyMm-I,"むしろ自分は最近よくはあちゃまの配信や投稿見るようになって、そこから過去アーカイブも見るようになったけど💡
今のはあちゃまも好きだし、ぶっ飛んでて尖りまくってるはあちゃまも好きです✨️
どっちもはあちゃまには変わりないし！"
9dpdepyMm-I,"私たちはこれからもはあちゃまのことを全力で応援していきます！
はあちゃまの魅力は伝えきれないぐらいあるから頑張って欲しいです！"
9dpdepyMm-I,"配信やショートでは明るくて楽しそうにしてる事しか伺えなかった…
沢山悩んで考えてたんだね。
でもそれってとっても大切な事だと思うし、心の整理をするために誰かに伝えることも大事だ思う。
はあちゃまが言葉にしてくれて嬉しかったよ。
僕は沢山沢山はあちゃまからエネルギーをもらってるよ！！
はあちゃまがやりたい事を実現出来るように応援してく！！"
9dpdepyMm-I,何があっても応援します
9dpdepyMm-I,実家を出よう
9dpdepyMm-I,"Haachama, Ganbatte"
9dpdepyMm-I,はあちゃまホントプロ意識高いんだねぇ、ちゃんと配信観たことなかったけど好きになりそう😂推しがプライベート満喫してたら普通リスナーは喜ぶと思う、怒る人なんていないよ💦
9dpdepyMm-I,"はぁちゃまが周囲の人達を尊敬し、嫉妬し、自身を高めたいと強く思っているのが伝わってきました。
正解のない過去を見つめ直しながら今の自分を奮い立たせて変えていくのは、耐えられないくらい苦しい時もあると思います。
でもそんな我武者羅を続けていたらいつの間にか、はぁちゃまがが思っているよりも近くにいろんな人が居るんじゃないか、そんな気がします。
はぁちゃまに幸あれ。"
9dpdepyMm-I,"最近メンバー入りした新参はあとんだけど、はあちゃまは凄く魅力的だよ！！！shortsも毎日の楽しみになってるし、配信もとっても素敵だと思う(*´-`)
本音を自分の言葉で伝えてくれたの嬉しかった✨頑張ってるだけじゃダメなんだよのとこ響くなぁ....自分を信じて自分らしくいくしかないよね"
9dpdepyMm-I,"世の中には「悔しい」とすら感じることもなく生きている人がたくさんいる。
その中で熱い想いを燃やして生きているはあちゃまはめちゃくちゃカッコいい。
生き急ごうとする人こそが最後には勝つと思う。
はあちゃまはバカデカい飛行機、今はまだ助走の期間。
はあちゃまというビッグな飛行機がたくさんのはあとん達を乗せて世界へ飛び立つ日を楽しみにしています。"
9dpdepyMm-I,"Haachama deserves the world!
She's unique and fun, more people should see her."
9dpdepyMm-I,人間、時には吐き出せる機会が必要。
9dpdepyMm-I,"はあちゃまはあとんホロメンバーホロリスナーホロ箱ホロ運営みんな大好きだ
ホロLiveをありがとう時代を共有出来て幸せだb"
9dpdepyMm-I,"Es bueno soltar lo que sientes de vez en cuando, sigue siendo tu misma haachama❤"
9dpdepyMm-I,ちゃまはちゃまだから、ちゃまが思うように進むのが一番良いよ！
9dpdepyMm-I,"最近の活動を見ていて、この人の歩いていく道の先には何があるんだろうと心躍る気持ちになっていました。
気持ちが落ちている時に旅動画のサムネを見てなぜか勇気をもらえて動画を楽しく見た日もあります。
励ましてもらっています。ありがとう。感謝しています。"
9dpdepyMm-I,"Thanks for the stream.
I'm not sure if I understand everything correctly but I will try to always support you. 
You are making my days more enjoyable and giving me motivation to try my best "
9dpdepyMm-I,ROM専だが、頑張りすぎだと思って見てる。したいことを探すことに捕らわれませんように。ゆっくり行こうぜ。あなたの魅力はあなたであることなんだから。
9dpdepyMm-I,"はあちゃまのこーゆーロックなところが好き
ロックって大人になったら自制してしまうような事を言える、いい意味で幼さだと思う
だから、若いうちにいっぱいロックして欲しい
応援してます！"
9dpdepyMm-I,"はあちゃま尊敬してます。自分も頑張らなきゃって日々思わせてもらってます。
でも、あなたは素のままでも十分すごいし最高だと思ってます。"
9dpdepyMm-I,"気づいてないかもしれないけどちゃまにしかない個性があるし他の人じゃ絶対出来ないことがあるから自信を持って欲しい
大きな箱で他人の芝が青く見えるかもしれないけど十分すごい存在だよ"
9dpdepyMm-I,"ROM海外勢です、上手く伝えない、励まし言葉にならないかもしれないが
個人的には、触れたVtuberの中に、はあちゃまの存在感が一番安定かも
ちゃんと努力して成長して、弱いどこも悩むことも甘えて吐くのから
パフォーマーだけじゃなく、大人しい人間性感じれるっ子だなっと、思ています
辛くても輝いてくれることに、感謝を"
9dpdepyMm-I,"Listening to Haachama’s tears and fears is always hard for me cause she’s the best girl and truly the strongest idol. 😢 But I’m glad you expressed them instead of letting it eat away at you! Whatever direction Haachama decides to grow in, I’m sure will pay off immensely even if it isn’t obvious now. The most important thing is that its fulfilling for you "
9dpdepyMm-I,"はあちゃまはホロメン屈指の頑張り屋さんだと思うよ。
ホロメンは皆頑張ってるって分かってるんだけど
少なくとも俺にはそう映ってる。"
9dpdepyMm-I,"はあちゃまの真面目なとことか、夢に向かってもがいてるのがすごい伝わってきました。
頑張ってる姿を見るのはもちろん力をもらえるけど、こうやってさらけ出してくれるのもすごい心を揺さぶられます。
こんなになるほど自分は何かを頑張っているだろうか、目標をもっているだろうかって"
9dpdepyMm-I,We're here for you Kamichama 🥰
9dpdepyMm-I,"今のはあちゃまの路線もすごく好きです。
大変な事も多いと思うけど、ずっと応援してるよ！！"
9dpdepyMm-I,"I appreciate the honest talk, Ha-chan. I know you're putting in a lot of effort - your YT shorts and videos. The YT algorithm is a strange thing though. I really enjoy your content and you will always be EN Gen0 to me. I truly enjoy seeing you here. Your old content and your new direction are fantastic! Wishing you the best moving forward and I will be here to support you!"
9dpdepyMm-I,ホロライブの文化を知らないけど、ゲリラってそんなにだめなの？
9dpdepyMm-I,"多くの配信を観てはいないにわかですが、努力の方向性が大事だと思います。
力を入れた配信は多いですが、その実コメントへの反応が薄く置き去りにしてることが多い印象です。
頑張っているのに伸びない配信者に多いと思われるのは自らの発信ばかりに集中し過ぎること。
雑談コメント読みをサボりと感じ、重視しない傾向にあると思います
ですが、伸びてる配信者はコメントイジリが上手い人が多いです。
思いの他、雑談需要は高く、コメントを読まれた視聴者はその後も見に来ます。
雑談コメント読みはサボりではなく、地道なドサ回りです。
コメントに配信を面白くさせるくらいの意識で良いのだと思いますよ。
視聴者を気持ち良くさせたら勝ちなんです。
もっと楽をしましょう"
9dpdepyMm-I,"I think it's important from time to time to let all your feelings out. Let all that stress out, relax and sometimes you start to think more clearly about everything. I'm glad I was able to be here to listen and support you! "
9dpdepyMm-I,"最近ホロライブの配信見るようになって、はあちゃまの配信を見るようになりました✨
楽しそうに歌ったり、話したりしてるのが元気めっちゃ貰えてるんで感謝してます😊
応援してるんで楽しんで頑張ってね〜❗️"
9dpdepyMm-I,Haachama i've been watching you for a year now and I'll keep doing so!!  
9dpdepyMm-I,等身大アイドルだね、ちゃまは
9dpdepyMm-I,"人間味溢れる本音トークでしたね
はあちゃまずっと応援します😊"
9dpdepyMm-I,"俺から見るにはもう大人になったと思うよ
自分の気持ちを人にちゃんと話せるようになったし
現実を受け入れ前向きに進もうとしている
辛い過去にも冷たい現実にも
微かだが決して消えなかった光が
ほの暗い心の部屋を少しずつ
明るく照らし、
そしていつかその壁すら突き抜けて誰もが振り向ける程輝いてくれることを期待しているよ"
9dpdepyMm-I,"今回はあちゃまの飛行機に搭乗させてもらいました
これは私の考えですけど、はぁちゃまは素晴らしいことなのですが頑張ろうとしすぎてて車でいうアクセル踏みすぎてエンストしちゃってるのかなってお話聞いてて思っちゃいました。
車によってアクセルの踏み加減違うように自分に合ったアクセルで進むことができればもっともっとうまくできる気がします！

ファンや運営や関わってる人達に感謝してる気持ちももっと良いものを届けたい気持ちも凄く今回の話を聞けて伝わりましたし、もっとはぁちゃまのことを好きになれました

他人と比べちゃう気持ちも不甲斐ない自分に落ち込んでしまうことも私もあるけど、はぁちゃまは私にとってになりました

これからも色々悩んでしまったり、うまくいかないこともあるでしょうけど、はぁちゃまにとって少しずつ良い方向にいけるように願っています "
9dpdepyMm-I,"最近見れてなかったけど推しが泣いてるのはやっぱり
辛いよ…はあちゃまってほんとは繊細な子だと思うし
無理して頑張ってきた所も色々あると思うけどみんな
そのままのちゃまが大好きだから不安にならなくても
大丈夫。前だけ見て一緒に歩いて旅して笑顔でいて。"
9dpdepyMm-I,"雑談系は(まだファンじゃない)人を選ぶから色々工夫は必要なのかもね
関係ないけどぽん◯こさんとか月〇〇兎さんが使ってる外ロケでも3Dキャプチャできてるあれ面白いかもです"
9dpdepyMm-I,"赤井はあとって本当に良い名前だと思うんだよね
燃え上がるような情熱だったり、ドキドキするかわいさだったり、世界を包み込めるような愛を全て持ってるようではあちゃまにぴったりだと思ってる

はあちゃまははあちゃまのままで良いんだよ
変わろうとしてる君も君だから

はあちゃまの素直さも頑固さも人の心を惹きつけるものだよ
沢山思いをぶつけてくれてありがとう！
泣いてもバカになんてしないしするやつは許さない！

応援してるから！"
9dpdepyMm-I,たまに観ているリスナーです。たまにだけど、昔から頑張ってるはあちゃまだと思っています。辛い時期かも知れません。でも、その辛さは目標に向かっているかわからないものだと思います。焦る気持ちあると思います。でも、チリツモで少しずつ見になってきます。断言します。大きな目標はワールドツアーをしてみたい。それなら小さいライブ会場でソロライブを実行してみて、認知度をあげるとか（大人の事情で難しいかもしれませんが）。少しずつです。今の活動も絶対成果がでます。私だけかもしれませんが、方向転換して継続して頑張ってるはあちゃまが好きで応援したいと思っています。今の活動は次の活動に必ず繋がります。諦めないで上を向いて楽しく少しずつ歩んでください。焦らずにね。長文失礼しました
9dpdepyMm-I,"メン限投稿でもいいので１週間分の配信予定を出すのはどうでしょうか？
そうするとはあとんも予定を立てやすいですし"
9dpdepyMm-I,お疲れ様でした❤
9dpdepyMm-I,はあちゃま見てるぞ‼️‼️‼️
9dpdepyMm-I,"はあちゃまの様子は他所でもよく見聞きするし、すごく頑張ってる。ただ一方で比較対象のホロメンたちが怪物クラスの配信者だらけで魔境なんだよな…
今の努力は間違ってないだろうし、これからの輝きをより強くしてくれるはずだから挫けず走り続けてほしい。そして、そんなはあちゃまを応援させてほしいと思う。"
9dpdepyMm-I,感情の起伏が美しい。人生楽しんでるね！
9dpdepyMm-I,"はあちゃまが好きです（＾ν＾）
気の利いた事は言えないけど
私の憧れです。"
9dpdepyMm-I,つい最近から見始めた者です。はあとさんの配信やXに影響されて旅行が趣味になりつつあります。私は未だファン未満の人間ですが、そんな人の価値観に影響を与える貴方は凄い人です。文才が無いため取り留めのないコメになって申し訳ありせまん。これから応援します！
9dpdepyMm-I,💯💪🤜🤛🙏🍀🍬🫂🛀🛌🌌🌠🌆🌇🌞😤❤‍🔥
9dpdepyMm-I,"頑張れはぁちゃま
君を好きな人は君をよく思ってない人の何千倍もいるよ
それだけは忘れないで頑張れ！"
9dpdepyMm-I,"やりたいことをやれば良いんですよ
これまでの自分や軌跡を蔑むことはないです。ただ、この配信はメンバー限定の方が良かったかもしれませんね"
9dpdepyMm-I,"旅動画からはあちゃまに出会いました。
動画をきっかけに、先月日光と鬼怒川温泉に行ってきました。
まだ新参者ですが、私の世界を広げてくれて感謝していますし、元気をもらえています。
一生懸命で真っ直ぐなはあちゃまをこれからも応援します！"
9dpdepyMm-I,"ここ何か月かで観るようになりましたが、はあちゃまの生き様かっこいいと思って追ってます
これからの活動も応援します！"
9dpdepyMm-I,"最近ホロライブを見始めて、はあちゃまのチャンネルも登録しました。
色んなホロメンがいる中でも、はあちゃまの独自路線な配信は凄く面白いです。"
9dpdepyMm-I,"はあちゃまのことは最近見始めたのですべての努力を見てきたわけではないですし苦労も理解しきれてないと思います。
それでも言わせてくださいはあちゃまの努力は必ずリスナーに届いていますし勇気をあたえていますそして必ずはあちゃまの願いが叶い報われる日が来ます。
これからも活動を応援させていただきます！"
9dpdepyMm-I,はあちゃま十分がんばってると思うよ？僕は最近はぁちゃま見始めたけど、歌もダンスもすごいがんばってると思うし！ファンが少ないって何をもって言われるんですかね？ホロにはいろんなメンバーがいるわけで、みんなで一つの企画をやることもあれば、個人の特色を出す配信をやることもあるよね？はあちゃまははあちゃまがやりたい事でファンもできてきたと思うし、あまり心無いコメントなどを気にしすぎないでほしいな…過去の印象はなかなか変えづらいとは思うけど今の頑張ってるはぁちゃまを見てファンになってくれる子は絶対いるから、今のまま頑張っていってほしい…無理はせずにできる限りで！応援しています！はあちゃまの努力が報われますように！
9dpdepyMm-I,"はあちゃまを知って6年ほどですが私の中ではずっと変わらず、この瞬間を必死に一生懸命に生きていて誰よりも人間らしい方だなと思ってみております。
Vtuberのキャラクター性という部分では大きく変化し続けているかもしれませんが、これまでを積み重ねて出来た今のはあちゃまが本当に大好きですし尊敬しています。
ゼロにはしたくないと言ってくれたことはとても嬉しかったですし、絶対にゼロにして欲しくないと思う一人です。
簡単に「いつか上手くいく」なんてことを言っても意味のない言葉になってしまうかもしれませんが、今こうやって悩んでもがいていることもいつか実る日がくると私は信じています。本音をぶつけてくれてありがとう。これからも応援しています。"
9dpdepyMm-I,"人間味溢れて大好き。
その頑張ってる姿に自分も元気づけられる。"
9dpdepyMm-I,"Youtubeの枠が立っていると『そこで必ず配信がある』と思ってしまうリスナーさんが非常に多いので
帰宅時間が不確定な時はXのポストで大雑把に予告しておき（これがあればゲリラ扱いにはならない）、
確定してから『枠立て＆告知ポスト』という形が良いのではないかと思います。

『Youtubeで枠が立つ→Xで告知ポストをするまでは未確定で時間が移動したり枠ごと消えたりする』
というスタイルもあまり一般的ではなく、一度確認した枠が説明なく移動したり消えたりすることに
戸惑うリスナーさんもいます。

はあとんは慣れてるんですけどね、これ……"
9dpdepyMm-I,旅行先にはあちゃまCHのシール持ってって利用したホテルとか喫茶店に貼ってもらえたら聖地巡礼のマークになって面白そう。SUSURU TVみたいなやつ
9dpdepyMm-I,はあちゃまって心が綺麗だなぁ　いつまでも応援するよ！
9dpdepyMm-I,"日本語は分からないけど、コメントの翻訳からだいたいはあとちゃんが言いたいことは伝わってきます。
今の壁をきっと乗り越えられると信じてるよ。
がんばれ！ずっと応援してるからね！"
9dpdepyMm-I,"心揺さぶられた
もらい泣きしそうだった😭
はあちゃまは人として素敵な人
誰だって悩む事あるし、悔しい事や自分が頑張っていても報われない事や理不尽な事もあるよね
上手く言えないけど、裏表が無くとっても純粋で正直な人
はあちゃまのことこれからもずっと応援するし、新しく赤井はあとを知って沢山沢山ファンが増えるといいね😊
これからもずっと応援してます！
寝れないかもしれない…でも今日はゆっくりおやすみなさい🌙"
9dpdepyMm-I,"海外のはあとんです！！
はあちゃまが勇気を出して本音を話してくれて、本当に感動した！
ありのままの姿はどんな数字よりも大切だよ。ありがとう！
これからも応援します！！！！"
9dpdepyMm-I,"Hello Haachama, I hope my message isn't too long (I think it will be long haha) watching the stream replay and seeing that you started crying out of frustration, out of anger, I must admit that it hurt me, I have the opportunity to meet the Haachama of now, someone who knows what she wants, someone who works hard, who prepares to get her projects ahead, also your way of being before, in my case I wouldn't say or dare to say that you're weird, it's called creativity, maybe now you don't remember it well, but I want you to know that like me there are many people who think that that stage was very creative instead of saying it was weird, this new stage I can see Haachama who prepares her content very well, like your birthday, I understand your frustration sometimes I don't understand what many fans want, but the important thing is what you want to do, you have many people in your community who love you for who you are, who send you many messages of support and affection, sometimes I don't write much but it's because I think it can overwhelm you that I write to you in every video , but we all go through frustration and mental exhaustion, I'm glad you can vent, don't dwell on it, and I'm glad you feel freer now, always be yourself.
Sorry for going on longer than usual, I'm sorry."
9dpdepyMm-I,"心のままに
""はあと""なんだから。"
9dpdepyMm-I,はあちゃまの曲大好きだよ！
9dpdepyMm-I,"泥臭ぇな
かっこいい
ホロライブにこういう人が居てくれて助かる"
9dpdepyMm-I,はあちゃまのとっておきのすごいところをもっと魅せてくれ✨既に魅せられてますが👍
9dpdepyMm-I,"はあちゃまのダンス大好きでショート毎回見てます
見てるとなんか元気を貰えるんだよねー
応援してます！"
9dpdepyMm-I,さっきの次の配信予定の件、ちゃまの配信楽しみにしてるのはもちろんそうなんだけど、そこで新規がふるいおとされる気がしたっていうのもあります。
9dpdepyMm-I,We love you Haachama ! I hope to see you on the world tour or a guest on Hololive English Concert ! We'll keep on cheering you on no matter what  ❤🫂
9dpdepyMm-I,はあちゃまは我の道をそのまま突き進んで行くイメージだからそのまま突き進んで行ってくれ！
9dpdepyMm-I,"ファンの需要に応えてくれるのは嬉しいけど、ファンの言う通りにはなってほしくないです。
時には需要に応えるのも必要かもですが、はあちゃま本人のやりたいことを優先してほしいです。
全ての人の需要を満たすのは難しいと思いますが、自分は昔から色んな事をやっているはあちゃまに魅力を感じています"
9dpdepyMm-I,はあちゃま応援してる！💪
9dpdepyMm-I,😊はあちゃま応援してるぞ
9dpdepyMm-I,"人は反省する時に成長します
その気持ちは辛いと思うけど乗り越えた先に大きな成長があるはずです！
はあちゃまは今、心の成長期ですね！！"
9dpdepyMm-I,自分を分析して、言語化できるのは、本当に凄いことです。これからの活動を期待しています。ありがとう。
9dpdepyMm-I,若い時に色々試行錯誤するのは、後から考えるといい思い出になるし悩む事もあるだろうけどやりたい事やったらいい。リスナー含めて楽しんでいきましょう！
9dpdepyMm-I,メン限じゃないパブリックで配信したのはびっくりした
9dpdepyMm-I,"最近はあちゃまの事好きになって、過去のライブとか見ててめっちゃ面白いし優しい子だなって思って応援してます！
努力は裏切らない！！
これからも応援します！！"
9dpdepyMm-I,"あなたは間違えなく立派な人です
色んな人がいます
それは個性です
あなたの個性は輝いています
今の時間をあなたと一緒に生きている事に感謝したい
あなたをずっと見ています
ありがとうあなたを見せてくれて😊"
9dpdepyMm-I,はあちゃま応援してるよ！！
9dpdepyMm-I,"たくさんはあちゃまの本音聞けてこちらの気持ちも言えて、すごく濃密な時間だった！
はあちゃまの悔しさはね、本当にわかるよ、いつも見てきたからね
だから、なんでだよ！！って思うこと、正直あった…私もすごく悔しかった

でもね不思議といずれはあちゃまがやりたいこと、夢見ていること一緒にできるような気がしている
今は成長の過渡期、継続は力なり、そのうちはあちゃま自身も自分を誇れるように必ずなる！
そしてでっかい飛行機飛ばそうぜ！！！はあちゃまになら絶対にできるからね！！私の自慢の推しよ、さらに輝け"
9dpdepyMm-I,旅に出るんだ！
9dpdepyMm-I,時間なんか気にしないで！
9dpdepyMm-I,圧倒的英語力活かした日本語英語教室とかを望んでいる
9dpdepyMm-I,"Haachama, I've been watching you for many years. Recently, I haven't been watching Hololive too often, but I felt inspired again after watching your recent 3D live. You have an amazing vision; I think you can keep going in the right direction. ❤❤❤❤❤ いつも応援してます"
9dpdepyMm-I,
9dpdepyMm-I,"Thank you for the comforting chit chat stream, Haachama!

Hope you'll have enough time to rest up both mind and body🙏"
9dpdepyMm-I,本音を語ってくれてありがとん！！はあちゃまが自分のやりたいことは(よく考えたことなら)何でも応援するよ！自分みたいにはあちゃまを推してから元気と勇気を得て、もっと頑張れると思って人生まで変わる人がきっとたくさんいる。これからも一緒に頑張りましょう
9dpdepyMm-I,"私は日本語が話せないので、翻訳に間違いがあった場合はご容赦ください。
(我不會日文，所以用翻譯可能有誤請見諒。)

かなりのプレッシャーを感じているようですね。
(感覺妳有很大的壓力。)

私たちがあなたを励ますか、慰めるかに関係なく、それはあなたに多かれ少なかれストレスを与えることになります。
(不論我們是鼓勵妳還是安慰妳，或多或少都還是會造成妳的壓力。)

しかし、あなたはただ自分らしくいればいいのです。
(但妳就盡情的做自己就好。)

ただし、怪我をしないようにしてください。
(但盡量不要傷害自己。)

みんなが陰で応援してくれますよ。
(大家都會在背後支持妳的。)

生放送が終わる前に、はあちゃまの笑い声が聞けて嬉しかったです。
(很高興直播結束前能聽到はあちゃま的笑聲。)

良い夢を見られますように。
(祝はあちゃま有個好夢。)"
9dpdepyMm-I,
9dpdepyMm-I,はあちゃん、ゆっくりして
9dpdepyMm-I,"It's normal to feel pain and frustration when you encounter setbacks,and when you reach your goal,the setbacks you have experienced will become a part of your strength
World tour,sololive,and become the best idol,no matter how long it takes,we'll always be with you haachama"
9dpdepyMm-I,話を聞けてよかったよ
9dpdepyMm-I,I want to give you strength Chama .
9dpdepyMm-I,
9dpdepyMm-I,"本音を話していただけて非常にうれしかったです
私も仕事で悔しい思い（自分の実力不足ですが…）をしていたので、
まるで自分の気持ちを代弁してくれてるかのようでとても心が楽になりました
ありがとうございます


1:48:56 
ここからの言葉は卑怯っすね
初めてリアタイしてたんですが応援したくなっちゃいますよ"
9dpdepyMm-I,"最近はあちゃまに興味を持ち、配信を見ていた者です。

昔の切り抜きでは「破天荒」「狂人」として紹介されることが多い印象でしたが、今回の配信を通じて、繊細で努力家な姿が垣間見え、より応援したいと思えるようになりました。

ここまで人間味に溢れ、成長を見届けたいと思わせてくれる人はなかなかいません。
これからも頑張ってください！"
9dpdepyMm-I,8年目だろうとまだ若い、比較的融通が効く環境に居るのだから、存分に活かして好きにやれば良い
9dpdepyMm-I,"はあちゃまの一生懸命な姿が大好きです！何事にも真剣に取り組む姿に心から尊敬しています。
私もはあちゃまを見習って何事も頑張ろうと思います！
これからも一生応援し続けます！"
9dpdepyMm-I,"8年間もずっと活動してくれてるってそれだけでめちゃくちゃすごいよ
ありがとう　10年目も見たいよ"
9dpdepyMm-I,気持が先走って空回りしてるのと、自分で自分を追い込むから気持ちが爆発するんだと思う。一歩引いて物事を考えるようにしたら余裕ができるよ。せっかくホロライブという箱に所属してるんだから、同期や後輩と絡んで少しずつ新規リスナーを獲得していけばいい。よく流れてくるショート動画は普通に楽しみにしてます。
9dpdepyMm-I,はあちゃま凄いよ…
9dpdepyMm-I,"We are all here. As a foreign, you shorts and video are really inspired. "
9dpdepyMm-I,"本音でお話ありがとん
もっともっと！！はあちゃまを推したいと思える配信でした。大好き"
9dpdepyMm-I,Haachama is an amazing talent! Her dance shorts are very cute and show her as a good dancer. She is one of the best builders in Minecraft and has strong design sense. Her travel review streams are really comfy and soothing. She is also good at bringing out funny moments with other talents like the recent Telephone Game collab. Being an entertainer for a long time must be really hard but Haachama should know we are proud of her right now as she is and still happy to see her go for her goals.
9dpdepyMm-I,いつも配信ありがとね！はあちゃま🥳
9dpdepyMm-I,"色々と吐き出してくれてありがとう！
こんだけ悔しいって思えるのはそれだけ本気ってことだよ！
これからも楽しく頑張ろう！"
9dpdepyMm-I,"貴女はこれまでも何度も私を感動で包んでくれました。
これからも貴女の活動が変わらぬ心の糧となるでしょう。"
9dpdepyMm-I,"ダンスショートきっかけで最近ファンになりました
今日の配信でもっと心掴まれました
これは推すしかない
微力ですが応援しています！！"
9dpdepyMm-I,本音を語ってくれてありがとう、これからも応援してます！
9dpdepyMm-I,"方向性を変えて活動しながらある程度数字は求められてって大変だよね
途中で大人ってなんだろうって話があったけど自分と同年代なのに沢山経験して、挑戦して、挫折して、考え方や言葉も色んなところから引用してるのを見るとはあちゃまは数段大人だなと感じる
はあちゃまはこれまで培ってきた武器をたくさん持ってる
(補足)サムネとタイトルは内容に沿ってあとから変更されています"
9dpdepyMm-I,"アレな人扱いが引きずられてる件、現時点では実際そのムーブだった時期のほうが長いので致し方なく、今は耐える時期なのだと思います。
このまま活動を続けて、変えてからの時期が長くなっていけば、自ずと扱いも変わっていくと思います。振り返って笑い話にできるように応援していきます。
ホロぐらはまあ、全員そんな感じなので演技の練習とでも思って…"
9dpdepyMm-I,i dont have much to say but imo what you current direction is a nice one hope you can do more try more outside of your comfort zone and collab more maybe~
9dpdepyMm-I,ゆっくり休まれて体力回復してください✨
9dpdepyMm-I,"感情に浸るような配信
これからもちゃまが前に進むための力になれたら嬉しい"
9dpdepyMm-I,"本音を語ってくれてありがとう
はあちゃまのやりたい事やろう！ 
はあちゃまが笑顔で元気に活動してくれたら、それだけでファンは幸せだよ"
9dpdepyMm-I,驚いたけど正直だった。痛がらないで。
9dpdepyMm-I,色々話してくれてありがとうございます!!本音聞けて嬉しかったのと はあちゃまの事がますます好きになりました!!次の配信も楽しみにしていますね!!
9dpdepyMm-I,はあちゃまの笑い声が全ホロメンの誰よりも一番好き　なのではあちゃまの笑い声が聞けることが幸福のひとつです
9dpdepyMm-I,"はあちゃまの配信見始めて一年経ってない新規勢だけど、いつも配信楽しみにしてますよ！
ホロライブ自体ネットニュースなんかで見る程度の知識しかなかったけど、それでもはあちゃまの英語歌枠見てファンになった自分みたいな人も居るので自信持ってもいいと思いますよ！"
9dpdepyMm-I,で、なんだって？
9dpdepyMm-I,前まで見てた人たちが赤井はあとのミステリサに着いて来れなくなっちゃったのかなって気がするな 自分のやりたい理想と周りが求めたり見たいものの違いが会って人って難しいなって思う でも結局は赤井はあとが楽しめる道を言って欲しいな えっな目で見てた時もあったし それは置いといて邪な気持ちなく視聴率とかじゃなくてホロメンと仲良く出かけたりしてみてほしいな 身近な所に手を伸ばせば届く手札があるんだから
9dpdepyMm-I,"To kaigai-niki/neki worrying about what happened during the stream, she feels very frustrated that she's not able to do a lot of things, including being part of the main World Tour cast because ""she isn't popular enough"" even though she was THE FIRST HOLOLIVE MEMBER TO EVER STREAM IN ENGLISH. She doesn't blame management for their decisions, and they've been very supportive in a lot of ways, but there's still the fact all the effort she puts forth doesn't seem to be paying off. However, she reassures us that she uses this frustration as motivation and has absolutely no intention of giving up with things as they are now."
9dpdepyMm-I,はあとんも元気出していこう
9dpdepyMm-I,言語化が難しいのですが、はあちゃまの魅力はまさにこの配信に現れていると感じました。
9dpdepyMm-I,"人気気にするなら人気あることをやればいいじゃないですか
自分のやりたいことだけで人気になりたいなんて無理です
人気ある人が誰でもやってる配信環境ですらまともに整えてないんだからスタートラインにいないし
事あるごとにこんな配信して応援する気力をそいでる自覚をするべき
狂人キャラが楽しまれてるのに勝手に～と水差しをするのもよくない
ホログラでの扱いなんてファンはまともに受け取ってないしホロメンもお気持ちしてる人いないでしょう

人気を出したいなら人気を出すことをやる、人気を落とすことをしない
旅行きたいだの愚痴を聞かせて人気なんて出ないです"
9dpdepyMm-I,"Se fuerte haachama, te amamos"
9dpdepyMm-I,人生は短い。大切なことに時間を使いましょう。機会があれば、ぜひ私の故鄉に来てイベントを開催してください。
9dpdepyMm-I,"はあちゃまの最近の変化にますますの魅力を感じていた1人です。（もちろんもともと応援してます！）
きっと自分と同じ人がこれからも増えて行くと思います。
偏見に縛られずありのままの活動をぜひ続けてください。変わりたいと思う自分も自分なので過去の否定にもならないし、つけた力は消えないし、とても素敵な変化です。応援しています"
9dpdepyMm-I,"はあちゃまいつもありがとん！
占い師さんのおっきな飛行機の例え、すごくいい話だったね
まだ乗ってないはあとんを待ってるのかもしれないし、機体が大きすぎてまだまだ助走の時間なのかもしれないけど
着実に前には進んでるし、もしかしたら飛び立つ日には空じゃなくて宇宙まで飛んでいっちゃうかもね！
これからもずっとずっと応援しているよ！
はあとんとして世界にはあちゃまを知らしめることをやっていきたいと思ったよ！"
9dpdepyMm-I,"はぁちゃま、心の澱を吐き出してくれてありがとうございます😊
はあとん、与えられるだけでなく、心の支えになってやれよ。
はぁちゃまの心が皆既月食みたいになってだぞ？"
9dpdepyMm-I,はあちゃま応援してるよ😢無理して体調悪くしたりしてほしくないよ😢
9dpdepyMm-I,"ちょっとびっくりしたけどいろいろ吐き出せて良かったかも
なんだかんだ5年以上ついて来ているファンとして応援してますよ"
9dpdepyMm-I,"Haachama is strong and never gives up, you are a motivation that I should not give up either, I love you! "
9dpdepyMm-I,"はあちゃまの本音が聞けて嬉しかったよ！！
はあちゃまありがとね☺️"
9dpdepyMm-I,"ほぼROM専だったけどずっと見てたよ。それこそ初期の方から。
休止から復活した時とか凄い嬉しかったんだから。

嬉しかったんだから。

これからも応援するよ。"
9dpdepyMm-I,"おつるーじゅでした。
ちょっとびっくりしましたが、はあちゃまの気持ちは伝わりましたよ。
これからのはあちゃまの進む道が良いものになりますように…"
9dpdepyMm-I,"はあちゃま🎉これからも応援するよ🎉
本音トーク、それだけガチで取り組んでいるちゃまを見れて、本当に好きです❤
初めての推し。
地縛霊や背後霊になっても推していくんで。宜しく✨
はあちゃまLOVE❤️‍🔥"
9dpdepyMm-I,"好きな、いかりや長介のセリフを届けたい

強くなることはないです。 弱い自分に苦しむことが大事なことなんです。

人間は元々弱い生き物なんです。 ...

強くなるということは鈍くなるということなんです。 ...

いいんですよ、弱いまんまで。 ...

弱い者が手を取り合い、生きていく社会こそが素晴らしい。"
9dpdepyMm-I,"これだけは言えます！
これからもずっと応援してます！😤"
9dpdepyMm-I,本気でやっているからこそ泣けるし、悔しいって思えるんよ。だから、これからもはあちゃまを応援したくなったわ。いつかはあちゃまが我々に見せたい景色を見せて欲しい👍
9dpdepyMm-I,Don't be so hard on yourself! Just keep pushing forward 💪
9dpdepyMm-I,👍
9dpdepyMm-I,応援してます！
9dpdepyMm-I,"おつるーじゅ〜
いろんな本音が聞けて良かったよ。
いつかはあちゃまが行った旅行先の聖地巡礼とかやってみたいなぁ。
昔から染み付いたイメージは中々消えないだろうけど、昔も今も含めて全部好きですよ。
しっかり寝て明日からも無理ない範囲で程々で頑張っていきましょう💪
もし無理だと思ったなら我々にぶち撒けてもらえればｗｗ
ではおやすみなさい(-_-)zzz"
9dpdepyMm-I,"溜めこんでは爆発する度に勢いで辞めてしまうのではないか、
という場面を見てきましたが今回も乗り越えられたようで安心しました。
立て直してくれたはあとん達に感謝を。立ち直ってくれたはあちゃまに祝福を。"
9dpdepyMm-I,"はあちゃま、おつるーじゅ！！
溜め込んでいたものを吐き出し、みんなと語らい、次へと進もうとする熱い配信でした！！🔥
どうしようもないもどかしさは私も大なり小なり味わったことがあるので、はあちゃまの気持ちが痛いほど伝わってきました！！
その気概があれば困難も乗り越えられると信じています！！！"
9dpdepyMm-I,"本音でたくさん話してくれてありがとう！
これからもずっとはあちゃまのこと、最推しで応援してるよ
いつもありがとう！大好きだよ！"
9dpdepyMm-I,"配信に遅れたのは気にしないで！予定があったのに全力で帰ってきてくれてありがとう
声聴けて嬉しかったです。
これからも自分の想いを大切に前に進んで行って下さいね
あと、あんまり自分を責めたらダメだからね"
9dpdepyMm-I,❤❤❤
9dpdepyMm-I,"本当に愛おしいな、はあちゃま
ますます応援したくなった
自分もがんばらなきゃって、背中押してもらえたよ
ありがとう

ゆっくり休んでね
おつるーじゅ"
9dpdepyMm-I,会えてよかった！聞けて良かった！
9dpdepyMm-I,"はあちゃまの本音が聞けて良かった。
極めて素晴らしい配信だった。
これからも応援します！！"
9dpdepyMm-I, Don't give up Chama! We're here for you!
9dpdepyMm-I,"おつるーじゅ！
私は日本人ではありません、
配信を見る時内容はたぶん理解できませんても、
くやしい気持ちは分かります！
あの…泣かないで、頑張って、応援しています！"
9dpdepyMm-I,"沢山の本音をはあとんと向き合って話してくれて
はあちゃまを推していると人生で頑張りたいことに一緒にスクラム組んで前に進めさせてくれる勇気をくれる貴方を人として凄く尊敬しています"
9dpdepyMm-I,今日は本音を全て語り、そして悔しさを爆発してくれてありがとう。
9dpdepyMm-I,"ずっと応援してるよ！❤️
あんま変な切り抜きは見ないでね😌"
9dpdepyMm-I,"※この配信は切り抜きを控えてください。

リスナーの皆様へ
これからも愛のあるコメントをお願いします。

はあちゃまへ
いつもありがとう。愛してんで！！"
9dpdepyMm-I,"頑張ってるはあちゃま人として尊敬してます。
これからも応援してます"
9dpdepyMm-I,Sweet Dreams Haachama
9dpdepyMm-I,"We love you, Haachama, and we will always be here for you. You are a super creative and amazing person, and we appreciate everything you do."
9dpdepyMm-I,これからも楽しくやっていこう
